Load,Hours
38075.9637,1
36780.97211,2
35735.84357,3
34856.23518,4
34508.68811,5
34304.27525,6
34298.84836,7
35404.57717,8
36081.12944,9
37642.717,10
39668.52975,11
41794.28774,12
43013.30287,13
42215.55006,14
41536.05823,15
41920.2368,16
43623.14962,17
46701.55289,18
46406.23963,19
45348.67447,20
42593.84951,21
40866.28957,22
44649.51016,23
42029.67908,24
40674.53946,25
38519.83807,26
37462.49903,27
36822.35215,28
36494.92979,29
35791.92144,30
34735.93912,31
36566.15772,32
39382.71356,33
42671.18269,34
45027.13125,35
47293.08388,36
46773.6853,37
45123.0063,38
43866.45518,39
43476.62359,40
44023.83498,41
47689.9252,42
50253.4523,43
49513.36019,44
47374.26111,45
46157.05494,46
46730.4963,47
44744.70685,48
44370.92981,49
42471.97061,50
41392.92401,51
41179.24022,52
41349.73501,53
40960.58178,54
40687.2022,55
41717.4068,56
44240.45834,57
47691.28192,58
49806.63836,59
51769.58965,60
51683.66389,61
50095.39413,62
48805.37719,63
47753.91728,64
47046.83875,65
48240.30228,66
51458.90021,67
50697.32666,68
49304.19881,69
48229.22238,70
48333.01165,71
45523.23943,72
46371.64321,73
44306.03326,74
43733.27026,75
44028.58351,76
44945.50178,77
48031.59314,78
53200.25349,79
57898.58338,80
61025.37642,81
63372.05404,82
64526.85098,83
65931.28485,84
65015.04494,85
63489.18441,86
63415.46916,87
62276.04841,88
60911.63785,89
59521.22345,90
58635.5098,91
58808.49191,92
58435.61935,93
54480.54725,94
52121.43301,95
47707.33647,96
38478.00579,97
36561.63531,98
35270.26165,99
35083.71231,100
34995.97759,101
34380.47783,102
32702.89051,103
34405.80332,104
37058.19573,105
40307.09379,106
42064.95387,107
43784.82571,108
42924.21143,109
41358.10146,110
40225.01209,111
39235.05693,112
38922.10628,113
39638.90798,114
40413.14427,115
40374.92992,116
40129.81539,117
40609.19066,118
39574.46366,119
36623.14006,120
36096.73175,121
34445.60051,122
33711.83978,123
33627.49686,124
34505.07018,125
37989.58571,126
45030.52305,127
50438.41879,128
53924.74328,129
55421.20816,130
56997.49354,131
58192.76603,132
58335.67413,133
57727.63635,134
57123.21649,135
55853.09814,136
53940.34559,137
53543.50427,138
52806.80397,139
52351.17135,140
50666.57429,141
49127.14653,142
47074.19932,143
42485.99007,144
39694.98584,145
38272.23622,146
37405.51669,147
37317.55585,148
37863.1844,149
40289.90864,150
47158.76836,151
52704.59755,152
56660.34801,153
57949.91271,154
60212.69966,155
61581.40651,156
61023.79357,157
60743.85651,158
59636.54486,159
58603.17458,160
56890.99083,161
56534.17282,162
56094.59474,163
55352.24144,164
53165.65706,165
50686.699,166
49308.4951,167
46173.78785,168
38224.29869,169
36462.82069,170
35203.78225,171
34572.00182,172
34405.35108,173
34744.07945,174
36394.75845,175
40017.65967,176
43751.58601,177
46036.985,178
47329.71539,179
47965.7921,180
46484.02505,181
45064.44111,182
44361.43276,183
43459.43844,184
42823.1356,185
43683.07153,186
43821.2311,187
43150.33184,188
41144.19155,189
40681.32307,190
39435.62573,191
36526.58665,192
42100.22865,193
40673.18274,194
39555.46955,195
39897.58973,196
40841.64245,197
44017.27749,198
50869.17817,199
56612.86272,200
59676.34205,201
60020.04507,202
61760.94611,203
63101.16179,204
62658.64414,205
61417.46921,206
60814.40607,207
59529.81602,208
58217.63928,209
57400.66624,210
56766.39848,211
56182.55558,212
54700.78853,213
51633.23904,214
47823.33624,215
43950.57197,216
41631.93328,217
39990.07298,218
39092.60107,219
39512.05443,220
40779.45933,221
44319.37436,222
52412.44998,223
57406.77149,224
59442.0813,225
59751.86626,226
60818.70236,227
61761.62447,228
60864.37868,229
60453.74402,230
59197.41902,231
57295.52024,232
55165.6921,233
54456.57849,234
55150.76815,235
58108.87536,236
56446.89034,237
52457.90018,238
48324.19295,239
44356.23199,240
37157.01035,241
35197.45088,242
34303.37077,243
34203.87779,244
34624.46176,245
34460.52446,246
34226.94207,247
35824.25665,248
39011.42384,249
41818.2565,250
42372.02538,251
39709.23143,252
38856.9836,253
37663.74619,254
37499.8089,255
38809.72444,256
41458.04668,257
46951.86818,258
49054.33576,259
47632.71674,260
45081.85239,261
43131.1116,262
42395.54191,263
39465.02139,264
46015.50356,265
43765.15323,266
43010.58942,267
43886.57989,268
45723.12987,269
49181.86767,270
56834.00849,271
62855.14278,272
65041.27491,273
64662.2971,274
65430.88038,275
66506.76129,276
66032.13455,277
65518.84122,278
64543.35777,279
63820.90305,280
64570.71834,281
66402.29366,282
65562.9347,283
63921.75276,284
60706.77276,285
57471.2158,286
53711.73786,287
49142.2966,288
45204.86189,289
43213.19331,290
42258.73906,291
42230.70013,292
44233.90085,293
47450.91593,294
53707.21545,295
60502.13379,296
62291.4246,297
61866.31822,298
61810.91872,299
62184.92188,300
61673.43751,301
60999.82481,302
59158.30019,303
59174.58086,304
59614.61118,305
62656.38294,306
62139.47168,307
59741.69085,308
55649.36365,309
53060.05883,310
51200.44458,311
47384.66265,312
43319.24378,313
40904.2778,314
39528.10898,315
40002.28348,316
41572.91585,317
45243.52848,318
52637.66591,319
59802.74336,320
62328.73446,321
61736.52511,322
62975.21272,323
63246.55721,324
62127.4873,325
61476.48664,326
60278.04846,327
59496.80244,328
59796.41199,329
62566.61314,330
61473.99931,331
60176.74652,332
56636.83149,333
53732.08869,334
51739.28951,335
48366.02523,336
44940.30101,337
43188.32007,338
42490.28636,339
42942.97942,340
43925.69873,341
46833.15497,342
53775.27769,343
59910.37667,344
62636.71046,345
62453.10069,346
63392.17876,347
64549.91526,348
63757.1371,349
63004.38225,350
61750.99681,351
61041.43097,352
60945.55591,353
63260.12444,354
62718.79217,355
61633.86644,356
58247.71329,357
55216.56919,358
52661.63467,359
48406.27466,360
45158.05496,361
42615.33095,362
41207.27915,363
42618.04439,364
44469.06607,365
47702.58794,366
54305.07781,367
60730.28928,368
62507.59571,369
61713.23471,370
61959.25371,371
62173.38974,372
61057.71164,373
59623.65599,374
57863.98696,375
56881.49377,376
57161.20472,377
59999.46811,378
59567.57813,379
57639.22327,380
53811.00472,381
50729.20964,382
48660.88624,383
45127.75483,384
42119.90113,385
39789.50417,386
38816.73417,387
38573.20249,388
38670.43426,389
38384.84418,390
39044.88966,391
42449.35856,392
46115.22266,393
48858.96772,394
50437.51431,395
51433.3486,396
50802.47265,397
48823.2407,398
47605.13005,399
46928.35166,400
47604.22557,401
51502.0892,402
52456.9957,403
50771.72028,404
47088.21879,405
45000.90128,406
44376.80894,407
41621.30562,408
39094.63615,409
37612.8691,410
36250.71975,411
35953.14529,412
35852.74783,413
35278.17586,414
34315.80739,415
36101.93252,416
38338.4895,417
41117.73547,418
43577.92553,419
45944.50175,420
46048.0649,421
44192.52081,422
43055.81351,423
42926.92487,424
43421.22409,425
48165.00418,426
49655.58993,427
48392.70744,428
46163.61243,429
44950.70255,430
45518.71702,431
42978.70645,432
40137.95573,433
38658.90212,434
38184.95374,435
38587.22195,436
39765.76153,437
43092.44501,438
51225.77006,439
58471.79862,440
60738.65574,441
61160.14418,442
61831.26956,443
62398.37955,444
61939.58124,445
61648.56427,446
60936.5111,447
60287.09328,448
59913.09012,449
62603.24464,450
62518.90173,451
61034.64735,452
57231.30205,453
54220.05654,454
51881.74537,455
47753.46504,456
44792.19214,457
42788.7653,458
41840.86854,459
42262.80923,460
43174.07448,461
45963.94811,462
52951.29492,463
59458.36197,464
61828.78224,465
61938.45064,466
62927.72743,467
63483.75752,468
63268.94313,469
62760.85057,470
61867.22271,471
61348.27636,472
60683.03012,473
63366.62715,474
63075.15794,475
61431.03643,476
57797.73368,477
54616.89786,478
51935.78815,479
48318.31382,480
44892.13736,481
42886.44932,482
42115.60484,483
42285.87351,484
43142.64374,485
46035.40216,486
53097.3687,487
59336.70919,488
61398.92734,489
61721.60116,490
62500.35986,491
62731.45492,492
62150.7777,493
61892.54819,494
61372.24513,495
60790.66343,496
60463.91944,497
63284.77156,498
63610.15883,499
62036.58689,500
58135.10533,501
55106.67467,502
52850.21909,503
49011.599,504
45842.97369,505
44074.48596,506
43104.65551,507
42980.28929,508
43678.77524,509
46386.79327,510
53292.05837,511
59927.78794,512
62143.99409,513
62298.43433,514
63238.86912,515
64023.0547,516
63541.64435,517
63119.0253,518
62709.29512,519
62155.52623,520
61505.88229,521
63422.47889,522
63324.34263,523
61715.72203,524
58240.25132,525
55200.51464,526
53047.16997,527
49099.55984,528
45647.37953,529
43789.34812,530
42831.04982,531
43144.67883,532
44042.60298,533
46458.47344,534
52874.18786,535
59288.99778,536
61413.39904,537
61472.86871,538
62386.62129,539
62682.83903,540
62113.24171,541
61077.61023,542
59944.29473,543
59268.64695,544
59305.27845,545
61913.35127,546
61768.86033,547
59640.16278,548
55975.20317,549
53143.72338,550
51659.24289,551
49152.01978,552
46567.23736,553
44164.48188,554
44866.13351,555
45257.0957,556
44946.18014,557
43114.37869,558
41601.63315,559
44067.92846,560
46515.68191,561
49817.49214,562
52010.63401,563
53863.23853,564
53477.47711,565
51784.5136,566
50355.4326,567
49657.17277,568
49795.10622,569
53410.09323,570
54395.29986,571
52214.3685,572
48434.53971,573
46068.86798,574
45849.7573,575
43403.5867,576
40855.20967,577
39195.48586,578
38010.38878,579
37237.73534,580
37006.41416,581
36418.72721,582
35050.24649,583
36734.61743,584
39287.74298,585
43018.72976,586
45890.68509,587
48177.66693,588
47871.95213,589
45901.53887,590
44594.78902,591
44128.07649,592
45109.43908,593
49254.2262,594
51004.6243,595
49842.81763,596
47570.98587,597
46228.73511,598
46635.07349,599
44128.98097,600
41457.1422,601
39754.90775,602
39324.37449,603
39536.47544,604
40912.64425,605
44312.36463,606
52351.39747,607
58841.95773,608
61265.74241,609
61124.41716,610
62489.95832,611
63735.65566,612
63533.27789,613
63100.25731,614
61971.23809,615
61078.06247,616
60806.26574,617
63334.97029,618
63647.69482,619
62348.63306,620
58734.32442,621
55341.38766,622
52809.51742,623
49020.19158,624
46063.21497,625
44256.96513,626
43427.78158,627
43712.91942,628
44564.71501,629
46965.20929,630
53666.96601,631
59854.07269,632
61563.99524,633
61100.67451,634
61752.35354,635
62701.15478,636
62248.00948,637
61731.09822,638
61178.91218,639
60645.49413,640
59823.77256,641
62131.55747,642
62862.15251,643
61126.67836,644
57545.15718,645
54629.5606,646
52365.64305,647
48607.29571,648
45497.00946,649
43321.73111,650
42279.0899,651
42444.1578,652
43755.20394,653
46620.14954,654
53221.28269,655
59613.02833,656
61418.59981,657
61762.9812,658
62781.42753,659
63925.14456,660
63971.95149,661
63807.56195,662
63259.67219,663
63315.0717,664
63309.41868,665
65666.49785,666
66078.26311,667
64084.55945,668
60394.72659,669
57913.50733,670
56523.54516,671
52504.93322,672
46777.98159,673
44819.77883,674
43366.95519,675
43709.30149,676
44408.4658,677
46190.74688,678
54367.03481,679
61838.73153,680
63265.55133,681
63778.1663,682
65153.65675,683
66046.83238,684
65595.49604,685
64682.87406,686
64189.02708,687
62903.30643,688
61182.5301,689
62761.75505,690
63266.00357,691
61525.10252,692
58031.54218,693
55027.75865,694
52444.10683,695
48602.32106,696
45186.09389,697
43404.7173,698
42825.84905,699
42872.88209,700
43725.80828,701
45971.6362,702
52594.47691,703
58750.60509,704
60869.80557,705
61117.1813,706
61962.64552,707
62403.80644,708
61598.36554,709
60253.85358,710
58751.50957,711
57608.01865,712
57758.84097,713
60608.18426,714
61507.46513,715
59645.58967,716
55786.61874,717
53056.44091,718
51589.5978,719
48489.48697,720
45148.10567,721
43185.3805,722
41976.99303,723
41017.338,724
40792.12208,725
40076.22486,726
40188.15446,727
43342.98643,728
47228.86568,729
50223.83052,730
51492.36603,731
52296.90245,732
51795.5935,733
50051.97901,734
49089.38442,735
48186.03338,736
48169.75271,737
51638.21369,738
53244.34697,739
50924.8038,740
47710.27604,741
45615.49655,742
45627.93318,743
43262.9398,744
39121.7706,745
37633.8983,746
36938.1258,747
36700.92549,748
37413.20478,749
39295.20496,750
42220.52471,751
46377.29622,752
50022.35724,753
52019.4527,754
53681.88996,755
54676.59365,756
54363.41688,757
53877.93636,758
52967.12334,759
52470.78904,760
53623.77702,761
56265.76789,762
56084.41932,763
53733.67154,764
50374.65284,765
48341.15198,766
46620.60178,767
41968.17433,768
42379.03512,769
40882.118,770
39899.85093,771
40120.9967,772
41759.46519,773
45056.07466,774
52687.63852,775
59452.25672,776
61292.87686,777
61960.61044,778
62858.98683,779
64051.54587,780
63931.47593,781
63312.13213,782
62331.90015,783
61157.43074,784
60027.28092,785
62221.10115,786
63148.42095,787
61851.39428,788
58145.05463,789
55276.71722,790
53368.26095,791
49590.46725,792
43476.17135,793
42734.94864,794
42190.90294,795
42564.45385,796
44936.9092,797
48848.11394,798
55874.35346,799
60063.68631,800
61864.05702,801
62449.03052,802
63200.88089,803
64487.05378,804
64045.44062,805
63705.1294,806
62478.42618,807
62330.31731,808
61006.60842,809
60097.37825,810
61661.22701,811
61576.8841,812
58298.36427,813
56394.43041,814
54666.19211,815
51537.13787,816
42352.80515,817
42355.74471,818
41633.74224,819
42052.74336,820
42826.75353,821
45656.65047,822
51379.98418,823
55960.50534,824
58629.17843,825
60185.56521,826
61610.80216,827
62293.00744,828
61701.92869,829
60876.36307,830
60072.27889,831
59052.24971,832
57942.67686,833
56171.02344,834
55699.78851,835
55191.2437,836
54373.36618,837
51713.73791,838
49430.14788,839
45800.23693,840
33928.01089,841
32369.81514,842
31569.57501,843
31631.07976,844
32450.54013,845
33337.6105,846
34376.85991,847
37493.02528,848
41117.50935,849
43413.30988,850
45290.56152,851
46330.26317,852
45743.25459,853
44346.28269,854
43203.24401,855
42978.25421,856
42432.85177,857
42797.35788,858
43467.57877,859
43145.80943,860
41998.24835,861
41997.56998,862
40701.44779,863
37748.08911,864
39323.47001,865
37353.96123,866
36643.94314,867
37061.36142,868
37727.28603,869
40512.86337,870
46504.37589,871
52504.7071,872
56594.32085,873
58938.51115,874
60366.91378,875
61283.60593,876
60860.53464,877
60344.75398,878
59770.86038,879
59034.16008,880
57957.60081,881
57241.25135,882
56618.51573,883
55986.96143,884
54003.20707,885
52054.04913,886
50187.87738,887
46061.406,888
42913.35765,889
41165.67299,890
40001.379,891
39890.12776,892
40365.8851,893
42761.63085,894
49845.7572,895
55489.2704,896
59010.19132,897
59881.65938,898
61780.16635,899
63466.12013,900
62832.0785,901
62283.51038,902
61014.52264,903
60435.65439,904
58611.08879,905
57847.25405,906
56560.17667,907
55767.85075,908
54201.51467,909
52001.81531,910
50572.96044,911
46659.72061,912
34053.95996,913
32631.66258,914
31546.51073,915
31050.85479,916
30736.77354,917
30377.01596,918
30815.23732,919
33162.14106,920
36229.91667,921
39011.42384,922
41054.64787,923
42257.60846,924
41972.47062,925
40885.73593,926
39896.23301,927
39279.60265,928
39212.67101,929
40099.06302,930
41023.21713,931
41401.29046,932
41027.73954,933
41557.99191,934
41362.39775,935
38436.62576,936
41341.59467,937
39523.58657,938
38743.9234,939
39236.63977,940
40284.93399,941
43539.71118,942
50179.51092,943
54779.02619,944
57724.24454,945
59174.80698,946
61381.06382,947
62776.90512,948
61564.6736,949
60571.32663,950
59618.2291,951
58203.39369,952
56455.93516,953
55967.28895,954
55557.33265,955
55120.01577,956
54766.58957,957
51886.94614,958
47883.25815,959
43914.84495,960
41587.16144,961
39924.49806,962
38830.07527,963
39384.97476,964
40651.7013,965
44255.38228,966
52190.17361,967
56763.68504,968
58749.02224,969
59471.02471,970
60554.3676,971
60979.24785,972
60104.84023,973
49485.32126,974
47953.12936,975
52474.63309,976
53717.84311,977
53213.82071,978
53112.29265,979
55523.86683,980
53396.97824,981
49336.76015,982
45856.31479,983
41981.74156,984
37171.70818,985
35735.39133,986
35339.68061,987
36331.67086,988
38436.39964,989
42974.41016,990
51293.83231,991
56467.69342,992
58473.15534,993
59022.62794,994
60034.96902,995
60645.94637,996
59958.76644,997
59705.7377,998
59122.34704,999
58446.24701,1000
58227.13634,1001
62124.54773,1002
62929.31027,1003
61087.55953,1004
57430.96637,1005
53818.46669,1006
50547.63495,1007
46033.81931,1008
46092.3845,1009
44152.04526,1010
43719.92915,1011
44164.25576,1012
45719.28582,1013
48920.47248,1014
56331.34281,1015
62442.24691,1016
64443.18642,1017
64499.71653,1018
65498.94262,1019
66124.6178,1020
64997.63367,1021
63911.35122,1022
63065.43476,1023
62845.19348,1024
63945.4954,1025
65909.80341,1026
65039.91819,1027
63430.61922,1028
59854.75105,1029
56557.68934,1030
53751.53505,1031
48967.73164,1032
46063.44109,1033
44159.95947,1034
43203.69625,1035
43462.60412,1036
44398.5165,1037
46832.25048,1038
53017.77432,1039
58253.3663,1040
59952.20895,1041
60693.20553,1042
61532.11226,1043
61591.12968,1044
60272.16933,1045
58581.2409,1046
57188.79141,1047
56301.94716,1048
55775.0866,1049
57354.53767,1050
60496.7069,1051
59257.79317,1052
55354.27652,1053
52352.07583,1054
50584.49258,1055
47616.88831,1056
44573.5337,1057
42475.81465,1058
41224.69042,1059
40724.73819,1060
40557.63521,1061
40171.19543,1062
40231.7957,1063
42767.7361,1064
46373.90441,1065
49134.15626,1066
50503.31535,1067
51259.462,1068
49854.80201,1069
47820.6228,1070
46634.62124,1071
45834.83335,1072
46078.13891,1073
48863.03789,1074
52435.06202,1075
50528.86696,1076
47364.08569,1077
45327.87139,1078
45496.55722,1079
42740.14941,1080
40080.29502,1081
38479.1364,1082
37650.17897,1083
37394.88903,1084
37188.44109,1085
36790.24305,1086
36082.9384,1087
37395.34127,1088
40382.84413,1089
43445.19285,1090
45543.81638,1091
47202.63572,1092
46189.16404,1093
43617.27049,1094
42430.36445,1095
41749.51589,1096
41446.96678,1097
44629.61156,1098
49220.9865,1099
48569.98584,1100
46208.83651,1101
45023.51332,1102
45465.80484,1103
43176.33568,1104
40994.72596,1105
39553.66059,1106
38916.67939,1107
39530.5963,1108
40750.2898,1109
43489.96469,1110
49428.56504,1111
54495.92344,1112
57302.30386,1113
59033.48172,1114
60492.41061,1115
60865.96153,1116
60331.18676,1117
59228.39751,1118
57702.7631,1119
56676.8548,1120
55630.82178,1121
57304.56506,1122
60868.44885,1123
60069.1132,1124
56215.11692,1125
53681.2116,1126
52161.45632,1127
48816.00485,1128
46050.3261,1129
44113.60479,1130
43015.56407,1131
43115.50929,1132
44230.50904,1133
46536.71111,1134
52379.88864,1135
57584.95437,1136
59905.40202,1137
61080.5498,1138
62222.23175,1139
63404.61538,1140
62573.62287,1141
61451.61339,1142
60519.31894,1143
59515.34432,1144
58876.10191,1145
60477.26054,1146
62080.45425,1147
60596.87824,1148
57118.01572,1149
54174.83246,1150
52006.56384,1151
48359.69386,1152
45469.19665,1153
43420.99797,1154
42290.84816,1155
42577.56884,1156
43568.20236,1157
46292.9533,1158
52984.76074,1159
58667.6189,1160
61011.13083,1161
61743.76096,1162
62700.47642,1163
62971.14255,1164
62368.75778,1165
61784.23652,1166
60984.90086,1167
59906.98487,1168
58780.6791,1169
60010.54801,1170
62857.17786,1171
62499.68149,1172
58758.5193,1173
55883.39828,1174
53472.50246,1175
49676.61913,1176
46541.91188,1177
44869.2992,1178
43996.92665,1179
44124.00633,1180
45167.3259,1181
47621.41072,1182
53866.40422,1183
59395.72662,1184
61396.44001,1185
61675.24648,1186
62136.53212,1187
63362.55698,1188
62542.64437,1189
62039.75258,1190
61069.4699,1191
60119.08581,1192
58660.38304,1193
59810.20533,1194
63116.99022,1195
62646.20752,1196
58827.93827,1197
56114.49334,1198
53993.48389,1199
50516.20421,1200
47675.67962,1201
45838.6774,1202
44702.64846,1203
44726.16498,1204
45236.97099,1205
47574.82991,1206
53711.96398,1207
58802.38666,1208
60654.76506,1209
61275.91783,1210
62495.15909,1211
63311.90601,1212
62754.06696,1213
60785.01042,1214
57734.8722,1215
56789.91501,1216
56144.56735,1217
57606.66193,1218
60472.05977,1219
59558.30719,1220
55469.14569,1221
52478.47714,1222
50695.29158,1223
47104.9517,1224
43798.61905,1225
42057.71801,1226
40769.05779,1227
40117.37877,1228
40139.08633,1229
40129.58927,1230
40755.71669,1231
43276.73315,1232
46777.52934,1233
50024.84456,1234
52662.08691,1235
54348.04069,1236
54008.40784,1237
51846.01835,1238
50346.84003,1239
48902.38284,1240
48111.86589,1241
49301.03313,1242
52373.78339,1243
51735.89771,1244
48359.91998,1245
45857.44539,1246
45680.16699,1247
43283.969,1248
40367.69406,1249
38491.3469,1250
37630.50649,1251
37033.54861,1252
36995.7865,1253
36277.40196,1254
35606.05046,1255
36896.51964,1256
39732.29571,1257
43022.57381,1258
45228.83065,1259
47500.88854,1260
46910.48815,1261
45150.14075,1262
43631.74219,1263
42830.59758,1264
42578.69944,1265
45377.61788,1266
49969.8973,1267
49727.94846,1268
47619.14951,1269
46658.81613,1270
47601.51212,1271
45336.46397,1272
43174.97896,1273
42600.407,1274
41715.59783,1275
42588.87486,1276
44073.35535,1277
47117.38832,1278
54394.6215,1279
59874.19741,1280
62521.16293,1281
63620.56037,1282
64869.87564,1283
65644.79029,1284
65013.4621,1285
64471.22535,1286
63026.54205,1287
61201.97646,1288
59922.13493,1289
60273.97829,1290
62775.77452,1291
61633.64032,1292
58083.54988,1293
55265.4112,1294
53028.85422,1295
48884.06709,1296
46147.784,1297
44454.59437,1298
43891.78066,1299
44149.55793,1300
44971.2795,1301
47828.53701,1302
54604.009,1303
59260.50661,1304
61294.00747,1305
62351.34651,1306
63345.14571,1307
64507.63074,1308
63753.06693,1309
63382.45558,1310
62084.97666,1311
60548.26235,1312
58946.19924,1313
59417.6603,1314
62612.7417,1315
61716.85263,1316
57899.71398,1317
55128.60835,1318
53122.46807,1319
48909.6187,1320
45856.54091,1321
44110.4391,1322
43394.54188,1323
43486.79901,1324
44501.85353,1325
47328.35866,1326
53919.54251,1327
58472.02474,1328
60120.89477,1329
59726.7669,1330
60614.28951,1331
61912.44679,1332
61542.73992,1333
60727.57584,1334
59732.64603,1335
58759.19766,1336
57553.29751,1337
58424.08721,1338
62026.86372,1339
61283.37981,1340
57698.69294,1341
54984.11741,1342
52653.72045,1343
48657.26832,1344
45385.07986,1345
43702.744,1346
42920.36738,1347
43132.2422,1348
44124.00633,1349
46996.4139,1350
54292.18895,1351
58788.14107,1352
60206.14217,1353
60441.08128,1354
60999.82481,1355
61567.61316,1356
62220.19667,1357
62410.59005,1358
61578.91918,1359
60369.17499,1360
59052.02359,1361
59153.32554,1362
61942.5208,1363
62006.96512,1364
58969.71576,1365
56426.53951,1366
54015.64369,1367
50528.41472,1368
47832.60718,1369
46087.40985,1370
44683.65434,1371
44694.96036,1372
46002.38858,1373
48539.00734,1374
54665.51375,1375
59082.09761,1376
60676.69874,1377
61293.3291,1378
61849.13307,1379
62185.82636,1380
61678.41216,1381
61079.19307,1382
59532.98171,1383
59043.2049,1384
57819.44124,1385
58034.48175,1386
60027.28092,1387
59321.78524,1388
56192.95712,1389
53666.96601,1390
52246.92984,1391
49431.5046,1392
47007.71992,1393
45502.43635,1394
44623.73243,1395
44114.96151,1396
43773.06745,1397
43752.71661,1398
44357.58871,1399
46184.18939,1400
48751.10829,1401
50804.73386,1402
52011.99073,1403
53027.72361,1404
53044.45652,1405
51335.43846,1406
49984.59513,1407
49233.197,1408
48930.87401,1409
49845.98332,1410
53386.35059,1411
53262.21048,1412
50821.46677,1413
49557.22755,1414
49202.89687,1415
47177.08411,1416
37485.11107,1417
35469.92597,1418
33983.86263,1419
33163.27166,1420
33391.20104,1421
33866.73226,1422
35208.30466,1423
37798.28784,1424
40585.2219,1425
43648.70122,1426
45424.19869,1427
47637.01303,1428
48234.19703,1429
47852.05354,1430
46725.74777,1431
46222.62986,1432
47980.26381,1433
50663.4086,1434
50583.81422,1435
48719.67755,1436
45162.57737,1437
43428.0077,1438
43055.13514,1439
41146.45276,1440
46704.49245,1441
44632.55113,1442
44016.59913,1443
44300.15413,1444
45487.28628,1445
47598.12031,1446
53755.60522,1447
59902.46246,1448
61815.21501,1449
61993.85014,1450
62856.04726,1451
63370.01895,1452
62921.16994,1453
61625.04775,1454
60441.98576,1455
59856.78614,1456
59148.12477,1457
61523.29356,1458
63369.11447,1459
61946.59097,1460
58410.29387,1461
55052.85801,1462
53039.708,1463
49687.69903,1464
49470.62343,1465
48097.16806,1466
46808.0556,1467
47236.10154,1468
47824.46685,1469
49827.44144,1470
55348.17127,1471
59136.81875,1472
60882.46832,1473
61283.15369,1474
62993.52847,1475
64008.13075,1476
63669.85462,1477
63067.0176,1478
60734.35945,1479
59977.30831,1480
58974.91653,1481
59154.90838,1482
61555.8549,1483
61590.45132,1484
58588.02451,1485
55891.08637,1486
53806.70843,1487
50350.91019,1488
42328.61027,1489
40010.1977,1490
38858.56644,1491
38156.23645,1492
38285.80344,1493
37454.58481,1494
35703.9606,1495
36394.08009,1496
39448.28847,1497
42529.63131,1498
45076.87774,1499
47182.511,1500
46234.38812,1501
44064.9889,1502
42246.52856,1503
40893.1979,1504
40133.2072,1505
40781.2683,1506
41713.33663,1507
42216.45454,1508
43742.31507,1509
42609.67794,1510
41968.85269,1511
39544.84189,1512
34910.05183,1513
32898.03242,1514
31863.30542,1515
31838.20606,1516
32185.97925,1517
32153.41791,1518
31842.95458,1519
33661.41493,1520
36880.23897,1521
39485.82446,1522
41380.93962,1523
44668.27815,1524
44888.51943,1525
43619.53169,1526
42554.9568,1527
42090.27935,1528
41942.62272,1529
42791.93099,1530
44222.3687,1531
43637.16908,1532
43097.64578,1533
42774.51972,1534
42027.41788,1535
38816.28193,1536
41997.34386,1537
39345.40369,1538
38099.25411,1539
37873.35982,1540
38387.10539,1541
39953.66759,1542
46354.45806,1543
52506.74219,1544
56481.48677,1545
57850.87197,1546
59414.94685,1547
60587.15506,1548
60626.72613,1549
60461.20599,1550
59488.66211,1551
58392.8826,1552
56678.88988,1553
55507.13392,1554
53886.75505,1555
52288.30987,1556
49905.90523,1557
47588.62326,1558
45739.41054,1559
41813.50797,1560
44053.23064,1561
41245.94574,1562
40009.74545,1563
39890.58,1564
40418.11892,1565
42628.21981,1566
50384.82825,1567
55406.05809,1568
58580.33642,1569
59449.7694,1570
60653.18222,1571
61516.28383,1572
60798.80377,1573
59663.22706,1574
58529.68545,1575
57487.04423,1576
56173.05853,1577
56276.62167,1578
54547.02665,1579
53553.45357,1580
51054.14467,1581
48828.44147,1582
48001.74525,1583
45244.20684,1584
36086.10409,1585
34686.19263,1586
34090.59147,1587
34301.10957,1588
35202.1994,1589
37928.08095,1590
44837.41622,1591
50267.24564,1592
53432.70527,1593
55198.02732,1594
57009.02568,1595
58563.60351,1596
58260.37604,1597
57758.38872,1598
56830.16444,1599
56069.04314,1600
54796.21135,1601
53985.56967,1602
52981.36893,1603
51993.9011,1604
49813.6481,1605
48770.55464,1606
46248.6337,1607
42624.37576,1608
41481.11097,1609
39945.30114,1610
39124.71017,1611
39319.62596,1612
40442.08768,1613
43780.75554,1614
51038.76848,1615
55466.43224,1616
57918.02973,1617
58399.89233,1618
59547.67953,1619
61235.6684,1620
60849.0025,1621
60157.07404,1622
58175.58088,1623
57197.38399,1624
55851.5153,1625
55235.5633,1626
54877.61469,1627
54978.4644,1628
54760.93656,1629
51951.39046,1630
47746.4553,1631
44383.36644,1632
38771.96233,1633
36746.37569,1634
35594.2922,1635
35215.54051,1636
35286.76844,1637
34937.4124,1638
35296.2655,1639
36945.81389,1640
39871.58588,1641
42487.79903,1642
44691.56856,1643
46607.71292,1644
46318.05267,1645
44493.03484,1646
42763.43982,1647
41793.15713,1648
41047.1859,1649
41794.06161,1650
43017.82528,1651
45282.87343,1652
43840.45133,1653
41584.67411,1654
40016.52907,1655
37213.31434,1656
42973.50568,1657
41200.94778,1658
40535.70153,1659
41109.36901,1660
42699.22162,1661
45928.4472,1662
53766.00675,1663
59152.42106,1664
60776.41785,1665
60637.80603,1666
61909.73334,1667
62606.86257,1668
61494.80239,1669
60603.88797,1670
59273.39548,1671
58895.32215,1672
59082.77597,1673
62929.76252,1674
63095.50878,1675
61488.92326,1676
57595.58203,1677
53900.77452,1678
50708.18044,1679
46387.92388,1680
45302.77203,1681
43297.3101,1682
42493.90429,1683
43110.98689,1684
44539.1634,1685
47607.39125,1686
55760.16266,1687
61891.19147,1688
63299.92163,1689
62991.26727,1690
63987.32768,1691
64560.99516,1692
63436.72448,1693
62862.15251,1694
62007.8696,1695
61738.78631,1696
63169.22403,1697
65550.27195,1698
64402.93699,1699
63065.20864,1700
59521.22345,1701
56149.99424,1702
53120.6591,1703
48880.9014,1704
44127.85037,1705
42194.06862,1706
41555.7307,1707
42116.05708,1708
43295.0489,1709
45593.56287,1710
52289.89271,1711
56744.91704,1712
59127.32169,1713
60162.27481,1714
61022.43685,1715
62362.65253,1716
61074.89679,1717
58667.84502,1718
57249.16556,1719
56654.46888,1720
55739.81182,1721
56544.12212,1722
58176.25924,1723
58691.81378,1724
55139.46213,1725
51592.76349,1726
49329.97654,1727
45775.81593,1728
42805.27209,1729
40600.14585,1730
39566.09721,1731
39408.94352,1732
39734.78304,1733
40078.03382,1734
40470.35273,1735
43233.09191,1736
47333.33331,1737
50167.30042,1738
51737.02831,1739
52292.60616,1740
51635.72637,1741
50243.503,1742
49165.587,1743
48653.65039,1744
47884.16263,1745
48614.53156,1746
51463.64873,1747
51082.86196,1748
47722.71266,1749
45102.88158,1750
44389.47169,1751
40956.05937,1752
38331.93201,1753
36565.70548,1754
35624.59233,1755
35377.2166,1756
35405.93389,1757
35309.15436,1758
34787.94681,1759
36513.47167,1760
40204.43513,1761
43257.28679,1762
45892.9463,1763
48255.22623,1764
48043.12528,1765
45893.17242,1766
44539.84176,1767
43536.09326,1768
43057.17023,1769
44624.86304,1770
48500.11463,1771
49428.56504,1772
47063.11942,1773
45396.38588,1774
45186.09389,1775
42253.99053,1776
39944.8489,1777
38529.56125,1778
37797.38336,1779
38627.92363,1780
40130.71987,1781
43753.62109,1782
50920.95975,1783
56424.2783,1784
58772.53877,1785
59478.71281,1786
60928.14464,1787
61967.39405,1788
61352.57265,1789
60769.86035,1790
60012.35698,1791
58595.03424,1792
56750.79617,1793
56489.6271,1794
59841.86219,1795
61349.85921,1796
57509.65627,1797
54365.9042,1798
51053.69243,1799
46357.62374,1800
43065.53668,1801
41632.38552,1802
41134.46838,1803
41491.28638,1804
42935.96969,1805
46243.20681,1806
52194.92214,1807
56137.55762,1808
57738.49013,1809
57808.13522,1810
58380.89822,1811
59930.72751,1812
59511.72639,1813
59526.65034,1814
58904.81921,1815
57559.17664,1816
55682.37723,1817
55118.65905,1818
57382.80272,1819
59735.5856,1820
56649.49423,1821
53052.59686,1822
49900.25221,1823
45725.39107,1824
42629.57653,1825
40993.36924,1826
40130.04151,1827
40822.19609,1828
42451.16753,1829
45442.51444,1830
51747.65597,1831
56204.71538,1832
58045.33553,1833
58091.46409,1834
58900.97516,1835
59681.99506,1836
59191.31377,1837
58500.28979,1838
57370.13998,1839
56206.52435,1840
54845.27947,1841
55153.02935,1842
57507.16895,1843
59677.92489,1844
55746.14319,1845
52331.27275,1846
49352.36246,1847
44946.8585,1848
42040.30674,1849
40143.38262,1850
39395.82854,1851
39918.16669,1852
41536.28435,1853
44891.91124,1854
51072.91266,1855
55765.58955,1856
57857.42946,1857
58068.17369,1858
59217.54373,1859
59936.60664,1860
59228.39751,1861
58642.74565,1862
57637.4143,1863
56489.17486,1864
55181.06828,1865
55271.96869,1866
56902.29685,1867
59032.125,1868
55802.89941,1869
52274.51653,1870
49425.39935,1871
45234.25754,1872
42102.48985,1873
40251.01593,1874
39878.59562,1875
40568.26287,1876
41865.74178,1877
45119.61449,1878
51254.48735,1879
55847.67125,1880
57698.69294,1881
58180.55553,1882
60173.58083,1883
60069.33932,1884
59420.59986,1885
57760.64993,1886
56219.63933,1887
54759.1276,1888
53387.48119,1889
53746.78652,1890
55878.87587,1891
57735.09832,1892
54204.90647,1893
51258.55752,1894
48844.49602,1895
45134.53844,1896
41607.96452,1897
39731.39123,1898
38854.27016,1899
38615.71312,1900
39040.36725,1901
39443.99219,1902
39759.20404,1903
42583.67409,1904
46197.98273,1905
49108.15242,1906
50356.11096,1907
51216.49913,1908
51175.11909,1909
49762.99713,1910
48130.63388,1911
47378.5574,1912
46982.16832,1913
47909.94036,1914
50497.66234,1915
51410.0582,1916
48022.09608,1917
45579.99565,1918
44852.79241,1919
42082.36514,1920
39289.32583,1921
36838.18058,1922
35918.77499,1923
35790.11247,1924
35190.21502,1925
34785.00725,1926
33596.29225,1927
35689.03665,1928
38625.88854,1929
42050.02992,1930
44171.94385,1931
45901.08663,1932
44962.00857,1933
42450.48917,1934
40749.61144,1935
40405.68229,1936
40295.10941,1937
42082.36514,1938
45614.13983,1939
48147.81903,1940
46073.84263,1941
44409.82252,1942
44707.62311,1943
41603.44211,1944
39883.11802,1945
38657.99764,1946
38105.58548,1947
38616.16536,1948
40137.27737,1949
43565.26279,1950
50479.79883,1951
55692.32653,1952
58279.37015,1953
58676.43759,1954
58991.87556,1955
60035.42126,1956
59551.07134,1957
58723.92288,1958
57791.85455,1959
57145.15017,1960
55691.42205,1961
55340.48317,1962
57161.65696,1963
59429.41856,1964
56132.35685,1965
52826.70257,1966
50076.85226,1967
45626.12421,1968
42735.85312,1969
40895.23298,1970
40323.8267,1971
40847.29546,1972
42377.22615,1973
45699.83947,1974
51885.3633,1975
56657.18232,1976
58493.05394,1977
58584.40658,1978
59937.05888,1979
61077.83635,1980
60413.94683,1981
59795.73362,1982
58826.1293,1983
57868.73549,1984
56212.40348,1985
55805.16062,1986
57572.29163,1987
59729.48034,1988
56515.85707,1989
52786.67926,1990
49826.31084,1991
45067.6068,1992
42225.04712,1993
40531.40524,1994
39514.76788,1995
40178.88352,1996
41932.22119,1997
45062.85827,1998
51154.99437,1999
55888.82517,2000
57987.67482,2001
58639.57996,2002
59764.07677,2003
60949.62608,2004
60105.29247,2005
59856.33389,2006
58998.20694,2007
57532.49443,2008
56128.06056,2009
56067.00805,2010
58066.81696,2011
59562.15124,2012
55359.47729,2013
52611.43594,2014
49625.06368,2015
45193.32975,2016
42460.89071,2017
40606.02498,2018
39469.76991,2019
40021.95596,2020
41836.34613,2021
45057.6575,2022
51625.09871,2023
56957.69635,2024
59352.3115,2025
60612.70667,2026
61063.13853,2027
61739.46467,2028
60934.92825,2029
60191.44434,2030
59390.97809,2031
58736.3595,2032
57673.36745,2033
57477.09493,2034
58881.75492,2035
60384.55117,2036
56699.24072,2037
53182.84222,2038
50926.83888,2039
46542.81636,2040
43292.33546,2041
41289.58698,2042
40952.44145,2043
41483.14605,2044
42413.40542,2045
45285.58688,2046
50939.50162,2047
55965.93223,2048
57794.79411,2049
59293.97243,2050
61697.18016,2051
63330.90012,2052
61448.44771,2053
60013.93982,2054
59048.40567,2055
57722.20946,2056
56346.04064,2057
56250.84395,2058
57223.84007,2059
58385.64674,2060
55152.57711,2061
51277.77776,2062
49015.66917,2063
45150.14075,2064
41936.74359,2065
40179.10964,2066
38964.16468,2067
39007.57979,2068
39270.33171,2069
39543.93741,2070
39390.62777,2071
42311.42511,2072
45584.74418,2073
48442.90617,2074
49513.58631,2075
49858.19382,2076
48973.61077,2077
48299.54583,2078
47115.57936,2079
47220.04699,2080
46612.23532,2081
47366.79913,2082
49852.54081,2083
51552.9663,2084
48025.94013,2085
45160.54229,2086
43894.26799,2087
40390.07999,2088
37349.43882,2089
33214.14875,2090
34283.01994,2091
34146.89545,2092
34573.58466,2093
34080.64217,2094
34950.07515,2095
37540.51057,2096
41022.53877,2097
43675.15731,2098
47205.57528,2099
47626.38537,2100
45336.01173,2101
43867.13354,2102
43209.80151,2103
42308.03331,2104
42522.62158,2105
45999.22289,2106
47100.20317,2107
48423.00757,2108
47781.05173,2109
47754.1434,2110
44559.062,2111
41524.29996,2112
40770.41452,2113
40270.91453,2114
41237.35316,2115
42578.47332,2116
45766.09275,2117
52280.39566,2118
57750.92675,2119
60906.6632,2120
62784.36709,2121
63740.85643,2122
64900.17577,2123
64773.0961,2124
64259.57665,2125
63747.1878,2126
62270.16928,2127
60340.00545,2128
58681.41224,2129
58943.93804,2130
59392.33481,2131
59682.67342,2132
56909.08046,2133
52949.03371,2134
47934.13524,2135
44186.8678,2136
42506.34091,2137
42671.18269,2138
42674.57449,2139
44537.12832,2140
47195.39986,2141
52903.80963,2142
59516.2488,2143
63221.0056,2144
64037.75253,2145
65231.21605,2146
65952.76629,2147
65600.24456,2148
65258.80274,2149
64290.10291,2150
62290.52011,2151
59875.78025,2152
59459.04033,2153
59236.31173,2154
60386.58626,2155
61110.17157,2156
58497.57635,2157
54894.3476,2158
50430.50458,2159
38765.17871,2160
35274.10569,2161
33583.17726,2162
32893.73613,2163
33000.46497,2164
32451.89685,2165
31712.93535,2166
34034.96584,2167
36728.96442,2168
39365.07616,2169
42122.61457,2170
45460.83019,2171
45575.92548,2172
43703.64848,2173
42667.79088,2174
42594.30175,2175
44418.86734,2176
47644.24888,2177
48232.16195,2178
46800.36751,2179
44713.27612,2180
43518.22975,2181
43634.45564,2182
41117.73547,2183
46821.3967,2184
44789.70481,2185
43835.92892,2186
43968.6616,2187
44694.282,2188
47274.31589,2189
53942.83292,2190
59802.74336,2191
61468.79854,2192
62078.41917,2193
62913.48185,2194
63412.07735,2195
62709.29512,2196
62053.3198,2197
60987.84043,2198
60175.84203,2199
59606.92308,2200
61762.07672,2201
63426.09682,2202
61953.82682,2203
58448.96046,2204
55503.51599,2205
53672.16678,2206
49866.33415,2207
47868.10808,2208
46516.13415,2209
45590.17107,2210
46045.8037,2211
47265.94943,2212
49739.25448,2213
55772.37316,2214
59694.6578,2215
61343.98008,2216
61945.00813,2217
63659.00084,2218
63933.96326,2219
64377.83763,2220
64311.58434,2221
62809.01422,2222
61840.99274,2223
60404.67589,2224
60156.16956,2225
63013.20095,2226
63693.59726,2227
60593.26031,2228
57662.73979,2229
55365.35642,2230
51797.40246,2231
36439.75641,2232
34492.40744,2233
33771.98781,2234
33715.90995,2235
34147.34769,2236
34778.44975,2237
35272.74897,2238
36650.50063,2239
39886.28371,2240
42691.08128,2241
44479.46761,2242
46323.9318,2243
46437.67037,2244
44888.51943,2245
43166.61251,2246
42882.60527,2247
42327.70578,2248
43381.4269,2249
44194.10365,2250
43484.08556,2251
43342.08195,2252
41660.42445,2253
40549.721,2254
38149.22672,2255
36091.07874,2256
34579.01155,2257
34022.07698,2258
34354.24786,2259
35844.60749,2260
40151.74907,2261
47918.30682,2262
52974.81144,2263
55729.41028,2264
56942.32016,2265
58118.82466,2266
59095.66483,2267
58565.86471,2268
58420.24317,2269
55687.35188,2270
53985.34355,2271
52700.52738,2272
53186.46014,2273
53402.63125,2274
53077.4701,2275
51814.36149,2276
51143.23611,2277
47348.03114,2278
42716.85901,2279
38369.92024,2280
34577.20259,2281
34853.06949,2282
34519.31576,2283
34564.08761,2284
34767.8221,2285
35861.3404,2286
39508.4365,2287
43919.59347,2288
46099.84647,2289
46583.74415,2290
47857.02818,2291
47903.15675,2292
46377.74846,2293
45278.1249,2294
44374.54774,2295
43607.99955,2296
43740.73223,2297
44047.12539,2298
44159.28111,2299
43325.34904,2300
42480.33706,2301
42321.37441,2302
39465.69975,2303
41740.6972,2304
39486.2767,2305
38158.27153,2306
37541.18893,2307
37087.36527,2308
36767.85713,2309
38939.51755,2310
42692.66413,2311
46413.47548,2312
48802.66374,2313
50334.4034,2314
51069.52086,2315
50253.00006,2316
48545.33871,2317
47377.42679,2318
46909.58366,2319
46643.43994,2320
46708.56262,2321
46604.32111,2322
46098.48975,2323
44271.66295,2324
43302.28475,2325
42749.87259,2326
39708.77919,2327
39887.86655,2328
38162.11558,2329
37092.56604,2330
37341.52461,2331
38044.53297,2332
40680.41859,2333
46474.98023,2334
51883.1021,2335
54926.00446,2336
56494.82787,2337
58159.30021,2338
59897.03557,2339
59557.17659,2340
59310.70534,2341
57968.68071,2342
56159.94354,2343
55423.01712,2344
54845.5056,2345
54442.10678,2346
53426.60002,2347
51178.28478,2348
49864.97743,2349
46859.83717,2350
42979.15869,2351
41453.07204,2352
39617.20042,2353
38890.2233,2354
38934.09066,2355
39877.46501,2356
43090.18381,2357
50238.07611,2358
55205.71541,2359
57778.51344,2360
58306.27848,2361
59724.95794,2362
60986.48371,2363
60862.79584,2364
59676.34205,2365
58186.66078,2366
56450.05603,2367
55574.5178,2368
54797.34195,2369
53875.22291,2370
53202.28857,2371
52891.59913,2372
50058.76262,2373
46683.01101,2374
42909.28748,2375
34500.09553,2376
32643.87308,2377
31698.68976,2378
31421.69226,2379
31793.88646,2380
32241.15263,2381
33007.02246,2382
34697.72477,2383
38041.14116,2384
41278.50708,2385
43488.83409,2386
45778.30325,2387
44727.74782,2388
43460.34292,2389
42041.21122,2390
41437.92197,2391
41388.85384,2392
42577.79496,2393
44222.3687,2394
46635.07349,2395
45159.63781,2396
43082.04347,2397
41947.59737,2398
38949.91909,2399
43325.12292,2400
41722.60756,2401
40951.08472,2402
41476.13632,2403
43114.60481,2404
46699.29168,2405
54300.78153,2406
59405.90204,2407
60691.84881,2408
60306.76575,2409
60754.48417,2410
62005.38228,2411
61862.02194,2412
60760.81554,2413
59544.28773,2414
58846.70626,2415
58961.12319,2416
62859.21295,2417
63057.29443,2418
61351.89429,2419
57491.56664,2420
53580.81414,2421
50448.14197,2422
46060.50152,2423
45910.13145,2424
44531.02306,2425
44293.59663,2426
44753.52555,2427
46075.42547,2428
49186.16396,2429
57211.62957,2430
63599.30505,2431
66095.67438,2432
66504.04785,2433
66651.47835,2434
66636.10217,2435
65083.33331,2436
63426.32294,2437
61913.57739,2438
61399.37958,2439
62018.49726,2440
63893.03546,2441
62704.32047,2442
61382.42055,2443
57991.74499,2444
54614.63666,2445
52262.30602,2446
48006.7199,2447
39790.63478,2448
37559.95693,2449
36896.0674,2450
36801.54907,2451
38821.93494,2452
42860.89771,2453
50196.46995,2454
55062.12895,2455
57244.19091,2456
58185.7563,2457
59561.92512,2458
61031.70779,2459
60704.73768,2460
60292.74629,2461
59201.03694,2462
58328.21216,2463
56274.81271,2464
54986.37861,2465
54166.23988,2466
54210.55948,2467
53835.42572,2468
51716.22523,2469
48558.90594,2470
44289.52647,2471
41371.44257,2472
39601.82423,2473
39130.5893,2474
39903.24274,2475
41363.98059,2476
44645.21387,2477
51399.65666,2478
55728.5058,2479
56374.98405,2480
57488.17483,2481
59251.68792,2482
60788.62835,2483
60476.8083,2484
60266.2902,2485
59368.81829,2486
58053.02362,2487
56060.9028,2488
55139.91437,2489
54451.1516,2490
54133.00018,2491
53991.4488,2492
52028.94976,2493
48735.05374,2494
44399.87323,2495
41101.22868,2496
39264.22646,2497
38281.73328,2498
38330.57529,2499
40182.72757,2500
43951.92869,2501
50629.0383,2502
55717.65202,2503
57781.90525,2504
58367.33099,2505
60253.85358,2506
62654.12173,2507
62120.02533,2508
61443.02082,2509
59748.02222,2510
59977.76055,2511
58060.25947,2512
56963.34936,2513
56188.88695,2514
55120.92026,2515
54769.52914,2516
53006.4683,2517
49483.96454,2518
44929.67335,2519
41963.19968,2520
39414.59653,2521
38213.44491,2522
38282.63776,2523
39854.62685,2524
43473.91015,2525
50127.05099,2526
54828.32044,2527
57504.68162,2528
58659.47856,2529
59429.41856,2530
60184.88685,2531
59776.06115,2532
59081.64537,2533
57691.00484,2534
56485.10469,2535
55064.61627,2536
54276.36052,2537
53021.61836,2538
52623.87256,2539
52067.16411,2540
50043.38643,2541
46383.62759,2542
42561.06205,2543
39259.93017,2544
37344.6903,2545
36505.55745,2546
37026.53888,2547
38234.47411,2548
41941.266,2549
48361.95506,2550
53088.55,2551
55355.63324,2552
55796.34192,2553
57811.75314,2554
58328.89052,2555
57653.24273,2556
56273.90823,2557
54945.90306,2558
53731.41033,2559
52681.53327,2560
52042.74311,2561
51677.33252,2562
50698.23114,2563
49664.86087,2564
48457.83012,2565
46020.93045,2566
42326.57518,2567
39002.83127,2568
36583.79511,2569
35781.29378,2570
35938.67358,2571
36335.06266,2572
36830.94472,2573
37297.20501,2574
40171.64767,2575
44135.08623,2576
46916.36728,2577
48622.44577,2578
49390.12457,2579
47377.42679,2580
45626.12421,2581
44477.43253,2582
43433.20847,2583
42818.16095,2584
42837.15507,2585
43596.24129,2586
43068.47625,2587
42754.62112,2588
42073.99868,2589
40265.48764,2590
37310.99835,2591
34771.89226,2592
32868.86289,2593
32079.92877,2594
32210.62637,2595
32349.01206,2596
32635.73274,2597
31906.04218,2598
33454.28863,2599
37129.64978,2600
40097.70629,2601
41703.61345,2602
43302.51087,2603
42851.40065,2604
41048.09038,2605
39512.50667,2606
38366.52843,2607
37604.27653,2608
38377.15609,2609
40417.8928,2610
41139.66915,2611
41644.59602,2612
41685.2977,2613
40542.25902,2614
37582.34285,2615
35211.0181,2616
33998.33434,2617
33618.90429,2618
34090.13923,2619
35862.01876,2620
40159.21105,2621
47109.47411,2622
52291.02332,2623
54587.27609,2624
55353.14592,2625
56586.85888,2626
57792.30679,2627
57374.21015,2628
56587.98948,2629
56071.07822,2630
55359.25117,2631
53600.03437,2632
52633.59574,2633
52013.79969,2634
52144.72341,2635
51185.06839,2636
49952.25991,2637
46513.64683,2638
41990.56025,2639
39086.49582,2640
37559.73081,2641
36733.03458,2642
36890.86663,2643
38278.56759,2644
41682.35813,2645
47841.42588,2646
53070.91261,2647
55626.97773,2648
56278.65676,2649
58069.07817,2650
60370.75783,2651
60544.19218,2652
59667.97559,2653
58021.36676,2654
56742.42972,2655
54751.89175,2656
53947.58144,2657
53182.38998,2658
52970.74127,2659
52065.12903,2660
50572.96044,2661
47156.50715,2662
43164.12518,2663
39422.73687,2664
37977.82744,2665
37234.56966,2666
37902.75547,2667
39408.26516,2668
42940.26598,2669
49346.03109,2670
54105.18737,2671
56684.09065,2672
57793.21127,2673
58931.95366,2674
59898.16617,2675
59182.49507,2676
58308.08744,2677
56839.6615,2678
55070.26928,2679
53284.14416,2680
52825.34585,2681
52369.93934,2682
52202.15799,2683
51440.13221,2684
50656.85111,2685
47014.95578,2686
42940.03986,2687
39771.18842,2688
38189.47615,2689
37497.99993,2690
38241.48384,2691
39691.1418,2692
42870.84701,2693
49103.63001,2694
53835.65184,2695
55908.72377,2696
56442.36793,2697
57252.10513,2698
57981.34345,2699
57240.57298,2700
56769.56417,2701
55297.74642,2702
54766.81569,2703
52966.44498,2704
52324.48914,2705
52293.51064,2706
52182.03328,2707
51586.206,2708
50953.52109,2709
47073.52096,2710
42498.42669,2711
39773.22351,2712
38232.66515,2713
37476.74461,2714
37907.73012,2715
39325.73121,2716
42602.44208,2717
48873.66555,2718
53804.44722,2719
56155.42113,2720
56924.23053,2721
57804.96953,2722
58155.90841,2723
57561.43785,2724
56853.0026,2725
55594.19027,2726
54246.73875,2727
52867.63036,2728
52457.22182,2729
51544.59984,2730
51303.7816,2731
50179.2848,2732
48677.84528,2733
45527.08347,2734
41708.5881,2735
38980.89759,2736
37206.07848,2737
35983.2193,2738
35801.41849,2739
36028.44338,2740
36347.95153,2741
37185.72765,2742
40264.58316,2743
44224.17767,2744
47156.05491,2745
48636.013,2746
49368.19089,2747
48799.72418,2748
47168.49153,2749
45892.72018,2750
45165.96918,2751
44368.21637,2752
45402.71725,2753
45076.4255,2754
44505.01922,2755
43607.32119,2756
42690.40292,2757
40744.63679,2758
37578.27268,2759
34267.19151,2760
32273.03561,2761
31213.8876,2762
30904.32876,2763
31332.82694,2764
31592.63929,2765
31380.31222,2766
33254.17207,2767
36517.31571,2768
39644.78711,2769
42089.14875,2770
43985.16839,2771
44136.66907,2772
42221.88143,2773
40654.86699,2774
40415.85771,2775
39915.001,2776
40945.43171,2777
42625.05412,2778
42620.75784,2779
42583.90021,2780
42566.26282,2781
41663.1379,2782
38377.38221,2783
36056.03007,2784
34699.30761,2785
34188.72772,2786
34728.92938,2787
36741.17492,2788
40701.22167,2789
48424.36429,2790
53962.05315,2791
56970.81133,2792
58054.83258,2793
59288.54554,2794
60771.89544,2795
60387.26462,2796
59555.81987,2797
58737.03786,2798
57665.45324,2799
56105.67464,2800
55478.64274,2801
54705.31094,2802
54052.50132,2803
52416.74626,2804
50677.65419,2805
46963.1742,2806
42286.09963,2807
39678.47905,2808
38320.39987,2809
37737.46145,2810
38454.26315,2811
40027.60897,2812
43229.24786,2813
49739.02836,2814
54684.50786,2815
57200.77579,2816
57260.6977,2817
58322.55915,2818
59339.42264,2819
58851.90703,2820
58205.88102,2821
56647.23303,2822
55672.88018,2823
54840.75707,2824
53707.21545,2825
53930.84853,2826
53844.47054,2827
52512.84744,2828
51016.8348,2829
48261.78372,2830
44608.58237,2831
41208.63587,2832
39700.63885,2833
38867.83738,2834
39683.67982,2835
41268.7839,2836
44016.14689,2837
49947.28526,2838
54281.10905,2839
56186.17351,2840
57057.64157,2841
58391.52587,2842
59619.13358,2843
58761.91111,2844
58033.80338,2845
56870.18775,2846
55735.28941,2847
54276.58664,2848
53498.73243,2849
53496.92347,2850
52918.05522,2851
52143.36669,2852
51301.29428,2853
47941.59722,2854
43527.50068,2855
40420.83236,2856
38572.75025,2857
37798.06172,2858
38229.72558,2859
39654.51029,2860
42770.22343,2861
49331.33326,2862
54895.93045,2863
56800.09042,2864
57158.49128,2865
57936.79773,2866
59696.01452,2867
59420.59986,2868
58212.43851,2869
57059.45054,2870
56051.17962,2871
54429.67016,2872
53647.06742,2873
53396.29988,2874
52566.89022,2875
50972.28908,2876
48792.94056,2877
45559.64481,2878
42087.56591,2879
37877.88222,2880
36134.71998,2881
35131.1976,2882
35068.33612,2883
36114.59526,2884
39456.65493,2885
44883.54478,2886
50113.936,2887
53364.86915,2888
54563.98568,2889
55264.95896,2890
56098.21267,2891
56257.85368,2892
55672.65406,2893
54914.02008,2894
54322.26296,2895
54916.05516,2896
58156.58677,2897
57889.53856,2898
56439.88061,2899
52669.32276,2900
50205.96701,2901
49003.45867,2902
45248.95537,2903
46589.17104,2904
44666.01695,2905
43496.52219,2906
43301.60639,2907
44140.73924,2908
47053.39625,2909
53458.483,2910
59466.27619,2911
61202.20258,2912
61258.9588,2913
61374.28021,2914
62338.23152,2915
61900.91465,2916
61727.93253,2917
60786.36714,2918
60389.07358,2919
59680.41221,2920
61502.49048,2921
63037.62195,2922
61819.5113,2923
58231.88486,2924
55426.18281,2925
53517.04818,2926
49972.38463,2927
48688.47293,2928
46858.02821,2929
45901.53887,2930
46102.10768,2931
46955.71223,2932
49314.60035,2933
54955.17399,2934
58832.00843,2935
60749.05728,2936
61061.32956,2937
61747.37889,2938
61994.98074,2939
61705.09437,2940
61903.62809,2941
60636.67543,2942
59445.47311,2943
58287.96273,2944
58262.63724,2945
60827.74718,2946
61037.81304,2947
57921.87378,2948
55343.64886,2949
53476.57263,2950
50449.49869,2951
35447.76617,2952
33966.22524,2953
33101.76691,2954
32734.54736,2955
33023.07701,2956
32711.7092,2957
31657.76197,2958
32715.77937,2959
36157.1059,2960
38654.15359,2961
40382.16577,2962
42779.04212,2963
41713.78887,2964
38694.40303,2965
37567.87114,2966
36472.76999,2967
35705.54344,2968
35913.57422,2969
37400.99428,2970
38315.42522,2971
39972.43559,2972
39811.8901,2973
39538.2844,2974
37131.68487,2975
39624.88852,2976
37816.37747,2977
37348.30822,2978
37770.47503,2979
38842.73802,2980
42862.02831,2981
49994.54443,2982
56060.22444,2983
58144.37627,2984
59176.61594,2985
61246.06994,2986
62363.55701,2987
62899.01014,2988
60664.26212,2989
58842.63609,2990
57637.18818,2991
56675.27196,2992
57165.72713,2993
57074.6006,2994
55880.00647,2995
54462.45762,2996
52945.18966,2997
48323.06235,2998
43703.64848,2999
36665.87682,3000
34650.4656,3001
33690.58446,3002
33445.46993,3003
34041.29722,3004
34364.6494,3005
41257.93012,3006
46557.06194,3007
50538.59013,3008
52620.48075,3009
53782.51354,3010
54788.97549,3011
55037.70794,3012
54115.36279,3013
52610.07922,3014
51598.19038,3015
50458.54351,3016
50009.69449,3017
49484.41678,3018
48946.02408,3019
46957.52119,3020
45451.33314,3021
44540.97236,3022
41052.16055,3023
37375.89491,3024
34968.3909,3025
33902.23316,3026
33411.32575,3027
33424.66686,3028
33006.3441,3029
33954.6931,3030
36168.41192,3031
39109.10786,3032
41643.2393,3033
43774.87641,3034
45468.74441,3035
45077.78222,3036
43635.81236,3037
42991.14307,3038
42334.71552,3039
41908.0263,3040
42791.70487,3041
44399.19487,3042
44546.39925,3043
43234.22251,3044
42867.00296,3045
42903.18223,3046
41136.05122,3047
40232.24794,3048
38323.56555,3049
37357.57916,3050
37294.9438,3051
38344.36863,3052
40763.6309,3053
46301.772,3054
51372.97445,3055
54242.66858,3056
55292.99789,3057
56775.89554,3058
58594.582,3059
58425.89618,3060
57603.49624,3061
56701.50193,3062
55395.20431,3063
53637.11812,3064
53244.57309,3065
52828.73765,3066
51754.43958,3067
49663.0519,3068
49087.12322,3069
46661.30345,3070
42830.14534,3071
39990.52522,3072
38483.88492,3073
37924.01079,3074
37511.34104,3075
37463.40351,3076
38059.68303,3077
40171.42155,3078
42853.20962,3079
46375.48725,3080
49459.99578,3081
51523.1184,3082
53103.92619,3083
52218.89091,3084
50829.83322,3085
49661.24294,3086
48138.32198,3087
47667.31316,3088
48049.90889,3089
48043.57752,3090
47753.91728,3091
47269.79348,3092
44867.26412,3093
42403.90836,3094
39330.70586,3095
36470.28267,3096
35237.24807,3097
34929.04595,3098
35680.44407,3099
36934.96011,3100
41233.73524,3101
50624.28977,3102
56201.5497,3103
57877.7803,3104
58388.58631,3105
59547.22729,3106
60278.04846,3107
59333.54351,3108
58764.62455,3109
57905.81923,3110
57397.27443,3111
55874.35346,3112
55635.57031,3113
56374.30569,3114
59383.29,3115
56228.68415,3116
52410.41489,3117
48698.19611,3118
44747.19418,3119
42959.71233,3120
40911.51365,3121
39920.42789,3122
40370.85975,3123
41953.02426,3124
45520.7521,3125
53376.40129,3126
58612.89776,3127
60083.58491,3128
59481.20013,3129
60640.06724,3130
61988.42325,3131
61209.89067,3132
60413.94683,3133
59108.32758,3134
58412.32895,3135
58577.17073,3136
62608.89765,3137
62737.78629,3138
60872.97126,3139
57316.54944,3140
53697.49227,3141
50538.36401,3142
46256.54792,3143
44950.47643,3144
43339.3685,3145
42066.08447,3146
41924.30697,3147
42345.11706,3148
42291.97876,3149
43871.88207,3150
47683.81995,3151
50960.53082,3152
53201.61021,3153
54465.62331,3154
55572.03047,3155
54765.23285,3156
52997.19736,3157
51429.27843,3158
51309.20849,3159
53895.12151,3160
56795.56802,3161
56438.97613,3162
54994.0667,3163
51850.31464,3164
49748.97766,3165
48756.53518,3166
45385.30598,3167
40985.90727,3168
39419.57118,3169
38394.11512,3170
38654.60583,3171
39841.05963,3172
42906.34791,3173
49981.65556,3174
55053.08413,3175
57297.32921,3176
57929.56188,3177
60066.62588,3178
61802.55227,3179
61534.8257,3180
60813.72771,3181
59778.77459,3182
57886.14676,3183
55407.64094,3184
54562.62896,3185
54059.51105,3186
53246.60817,3187
51191.852,3188
49642.47495,3189
46457.56896,3190
42627.31533,3191
39112.72579,3192
36723.98977,3193
35343.29854,3194
35038.71435,3195
35037.58375,3196
33973.68721,3197
33820.15145,3198
36375.08597,3199
39697.24705,3200
42327.02742,3201
43520.49095,3202
44919.95017,3203
43803.5937,3204
42026.28728,3205
40779.23321,3206
39700.63885,3207
38937.48247,3208
39646.8222,3209
41193.4858,3210
41492.19087,3211
41202.3045,3212
41997.7961,3213
41089.69654,3214
37976.69684,3215
35000.95224,3216
33371.9808,3217
32612.89458,3218
32673.04261,3219
34103.02809,3220
36370.33745,3221
41239.61437,3222
46227.60451,3223
49409.79704,3224
50781.44346,3225
52255.97465,3226
52826.70257,3227
52008.3728,3228
50625.42037,3229
49444.61959,3230
48337.08182,3231
47854.54086,3232
47858.15879,3233
47687.664,3234
47038.69842,3235
45372.86935,3236
44970.82726,3237
43259.32188,3238
39630.76765,3239
36619.74826,3240
34411.45633,3241
33359.09194,3242
33262.08628,3243
33863.79269,3244
34209.98304,3245
35945.90943,3246
39238.67485,3247
42881.92691,3248
45756.82181,3249
47718.64249,3250
48984.01231,3251
48347.25723,3252
46889.23283,3253
46311.49518,3254
45456.76003,3255
45611.42639,3256
45584.9703,3257
46067.9635,3258
45068.51128,3259
43100.81147,3260
41915.48828,3261
40978.89753,3262
37944.1355,3263
34988.74174,3264
32793.11255,3265
31260.69453,3266
31185.17031,3267
31387.7742,3268
31044.29729,3269
31610.05056,3270
33429.18926,3271
36560.73083,3272
39955.25044,3273
42971.01835,3274
45866.94245,3275
46009.17219,3276
44149.10569,3277
42706.68359,3278
42243.81511,3279
41817.80426,3280
42505.43643,3281
43559.15754,3282
43437.957,3283
42024.93055,3284
42281.57722,3285
42069.25015,3286
38452.68031,3287
35903.17268,3288
34626.27072,3289
34142.14692,3290
34722.82413,3291
36097.18399,3292
39596.62346,3293
47402.07392,3294
53333.21229,3295
56159.4913,3296
56796.92474,3297
58533.07725,3298
59407.03264,3299
59645.13743,3300
58452.35226,3301
57101.96117,3302
56310.53974,3303
54649.68532,3304
54296.93748,3305
54445.72471,3306
53759.22314,3307
51992.54437,3308
51195.01769,3309
48705.65809,3310
43452.20259,3311
40260.73911,3312
38895.19795,3313
37692.91573,3314
37876.29938,3315
39477.00577,3316
41992.36921,3317
49883.74542,3318
55159.36073,3319
57984.73526,3320
59159.65691,3321
60892.64374,3322
61768.40809,3323
61269.81258,3324
59545.87057,3325
59414.94685,3326
58445.79477,3327
57321.97633,3328
56522.64068,3329
55998.04133,3330
54955.85236,3331
53043.55204,3332
51226.67454,3333
48360.82446,3334
44071.09415,3335
40972.79228,3336
39164.9596,3337
37857.98363,3338
37857.53139,3339
39394.47182,3340
42243.36287,3341
49147.04513,3342
54605.81796,3343
56947.52093,3344
57681.05554,3345
59201.26306,3346
60295.00749,3347
59228.84975,3348
58382.25494,3349
57222.70947,3350
56587.76336,3351
55134.7136,3352
54497.7324,3353
53950.52101,3354
53085.38432,3355
51450.08151,3356
50370.58267,3357
47618.92339,3358
43311.78181,3359
40117.83101,3360
38449.74074,3361
37802.13189,3362
38209.37475,3363
39504.81858,3364
42023.34771,3365
48528.83192,3366
53792.0106,3367
56253.10515,3368
56714.16467,3369
58245.22597,3370
59400.24903,3371
58525.38916,3372
57810.39642,3373
56524.90188,3374
55334.83016,3375
54267.99407,3376
53930.84853,3377
53714.4513,3378
53658.37344,3379
51710.57222,3380
50452.66438,3381
48031.36702,3382
43637.62132,3383
40658.25879,3384
38897.68528,3385
37826.77901,3386
38056.96959,3387
39306.05874,3388
41774.16302,3389
48558.22758,3390
53792.68896,3391
55572.03047,3392
55944.22467,3393
56899.35728,3394
58163.14426,3395
57551.48855,3396
56749.21333,3397
55096.04701,3398
53862.10793,3399
52930.49184,3400
52680.62878,3401
52320.41897,3402
51346.74448,3403
49288.5965,3404
48104.40391,3405
45967.33991,3406
42094.57564,3407
38528.43064,3408
36465.0819,3409
35167.60298,3410
34903.94658,3411
35030.57401,3412
34975.62675,3413
36948.52734,3414
40682.45368,3415
43916.42779,3416
46752.20386,3417
48112.54425,3418
48707.69317,3419
47788.28758,3420
46090.57554,3421
44706.94474,3422
43677.87076,3423
43407.43074,3424
43587.87483,3425
44022.70438,3426
43572.95089,3427
41754.0383,3428
40600.14585,3429
39638.22962,3430
36498.54772,3431
33451.34907,3432
31404.73323,3433
30042.81,3434
29666.31951,3435
29776.21403,3436
29368.74505,3437
29776.44015,3438
32261.95571,3439
35335.61045,3440
37913.38313,3441
39500.74841,3442
41397.67253,3443
40936.61302,3444
39137.59903,3445
37501.61786,3446
36313.3551,3447
36079.99884,3448
36826.19619,3449
38014.68507,3450
38332.38425,3451
37739.49653,3452
37824.97005,3453
37293.58708,3454
34319.87756,3455
31570.93173,3456
29842.01507,3457
28782.18871,3458
28645.61198,3459
29028.65995,3460
29161.61876,3461
30129.86635,3462
32085.58178,3463
35075.11973,3464
37986.64614,3465
40042.98515,3466
42643.36988,3467
43305.90268,3468
41882.92694,3469
40135.24228,3470
39295.20496,3471
38880.95236,3472
40196.74703,3473
41131.75493,3474
41470.25719,3475
40238.57931,3476
40098.38466,3477
39975.82739,3478
36836.14549,3479
34294.09984,3480
32887.63088,3481
31856.97405,3482
32328.43511,3483
33784.42443,3484
37393.08006,3485
45240.58891,3486
51285.69197,3487
54312.76591,3488
55664.51372,3489
57276.75225,3490
58629.40455,3491
58045.56165,3492
57012.19137,3493
56205.16762,3494
55091.29848,3495
53929.26569,3496
53481.09504,3497
53292.05837,3498
52847.50565,3499
50777.82553,3500
49198.14834,3501
46659.94673,3502
42071.28524,3503
39062.52705,3504
36956.21543,3505
36019.39857,3506
36861.6971,3507
38183.59702,3508
40472.61394,3509
47593.14567,3510
53286.17924,3511
56121.27695,3512
57053.79753,3513
58709.45117,3514
59130.26126,3515
58413.00731,3516
57476.41657,3517
57153.74275,3518
56136.65314,3519
54609.20977,3520
54007.27723,3521
53731.18421,3522
52820.59732,3523
50693.93486,3524
49367.28641,3525
47154.47207,3526
42576.89048,3527
39841.51187,3528
37864.99336,3529
36691.20231,3530
37151.35734,3531
38672.92159,3532
41405.58675,3533
48246.18141,3534
53641.18829,3535
56367.29596,3536
57450.41273,3537
58762.36335,3538
59353.4421,3539
59054.05868,3540
58387.68183,3541
58405.0931,3542
57668.84504,3543
57438.42834,3544
56887.82514,3545
55621.0986,3546
54160.13463,3547
50973.6458,3548
48970.67121,3549
46864.81182,3550
42544.32914,3551
39459.14225,3552
37525.81274,3553
36961.4162,3554
37481.0409,3555
38680.38356,3556
41168.38644,3557
47921.02026,3558
53238.46784,3559
55738.90734,3560
56659.21741,3561
58226.6841,3562
58970.84637,3563
59148.80313,3564
57572.96999,3565
55813.97931,3566
54521.02281,3567
53496.69735,3568
53043.77816,3569
53209.52442,3570
52552.41851,3571
49756.66575,3572
48705.65809,3573
46718.05968,3574
43404.03894,3575
39437.66082,3576
37355.09183,3577
37199.29487,3578
36681.93137,3579
36513.69779,3580
36671.07759,3581
38094.05334,3582
41105.97721,3583
45423.97257,3584
48286.43084,3585
49932.81355,3586
50692.12589,3587
49705.78866,3588
49024.71399,3589
46818.90938,3590
45893.85078,3591
45655.06763,3592
45350.03119,3593
45036.6283,3594
44773.19802,3595
42441.67047,3596
40877.36947,3597
40310.03336,3598
36822.12603,3599
34421.63175,3600
32525.6121,3601
31629.2708,3602
31348.88149,3603
31226.55034,3604
30144.33806,3605
30665.09337,3606
33183.84862,3607
36380.9651,3608
39490.79911,3609
41986.49008,3610
44528.0835,3611
44169.68265,3612
42542.97241,3613
41648.66619,3614
40529.37016,3615
40251.46817,3616
41655.4498,3617
43262.48756,3618
43443.15777,3619
42380.16572,3620
42215.32394,3621
42136.63404,3622
38775.35413,3623
42349.41334,3624
40317.04309,3625
39361.68436,3626
39419.34506,3627
39907.76515,3628
41250.92039,3629
45042.73355,3630
49646.09287,3631
51690.67363,3632
52774.46875,3633
54133.45242,3634
55059.86774,3635
54821.98907,3636
54019.26161,3637
52833.93842,3638
52565.98574,3639
53719.65207,3640
57329.66443,3641
57564.37741,3642
56667.35774,3643
53433.60975,3644
50941.98895,3645
49197.92222,3646
45386.88882,3647
46807.37724,3648
45215.03731,3649
44316.66092,3650
44264.87934,3651
44996.37887,3652
47458.60402,3653
53959.79195,3654
60099.41334,3655
61543.41828,3656
61780.16635,3657
61991.13669,3658
62234.89449,3659
61131.20077,3660
59578.43191,3661
57831.42562,3662
57806.77849,3663
57319.48901,3664
59719.07881,3665
61473.32095,3666
59882.78998,3667
56270.74254,3668
53435.64483,3669
52123.46809,3670
49446.20243,3671
47580.2568,3672
46060.04928,3673
45328.32363,3674
45487.28628,3675
46432.92184,3676
48617.01888,3677
54331.98614,3678
58114.07613,3679
60196.41899,3680
60887.44297,3681
61384.00339,3682
61868.12719,3683
61620.29922,3684
60330.05615,3685
58724.37512,3686
57655.73006,3687
56548.87065,3688
56562.43787,3689
58782.26194,3690
58719.62659,3691
55655.24279,3692
53155.48165,3693
51329.10709,3694
48470.26674,3695
34438.13854,3696
32555.46,3697
31599.19678,3698
31597.38782,3699
32069.75336,3700
32209.26965,3701
31552.61598,3702
32364.38825,3703
35482.81483,3704
39027.70451,3705
40950.18024,3706
43151.46244,3707
42430.36445,3708
40616.42652,3709
39372.76426,3710
38394.11512,3711
37963.80798,3712
38640.13413,3713
39782.26832,3714
40661.19836,3715
42608.54733,3716
42271.85404,3717
42143.86989,3718
39611.09517,3719
40454.5243,3720
38655.73644,3721
37715.52777,3722
37948.43179,3723
39416.17938,3724
42806.62881,3725
49462.25698,3726
54715.9386,3727
57295.97248,3728
57317.68004,3729
58240.25132,3730
60512.30921,3731
61124.19104,3732
60395.63107,3733
59739.88188,3734
58235.05055,3735
56845.99287,3736
56586.85888,3737
56164.91819,3738
55848.80186,3739
53401.04841,3740
52060.3805,3741
49696.2916,3742
44192.74693,3743
38088.40033,3744
35392.81891,3745
34391.55773,3746
33712.0659,3747
33317.48578,3748
33447.73114,3749
35393.04503,3750
38424.64138,3751
43226.3083,3752
47040.28126,3753
49393.96862,3754
50443.61956,3755
49681.14154,3756
47982.52501,3757
46461.63913,3758
45427.81661,3759
44944.37118,3760
45502.21023,3761
44956.12944,3762
44168.55205,3763
42308.71167,3764
40808.17662,3765
39920.65401,3766
37130.32815,3767
38372.18144,3768
36630.60204,3769
36433.65116,3770
36979.27971,3771
37742.4361,3772
40297.1445,3773
49055.69248,3774
55522.96235,3775
58272.81266,3776
59617.55074,3777
60958.21866,3778
62294.59028,3779
61693.33611,3780
61215.7698,3781
59718.62656,3782
58256.07975,3783
56792.62845,3784
55969.32404,3785
55261.34103,3786
54934.1448,3787
52447.27252,3788
50216.82079,3789
48647.54514,3790
44832.89381,3791
40401.83825,3792
38889.0927,3793
38168.67307,3794
37925.36751,3795
38744.82788,3796
41273.75855,3797
46670.57439,3798
51623.06362,3799
54551.32294,3800
56037.38628,3801
57662.28755,3802
59202.16755,3803
58820.70241,3804
58002.37265,3805
57830.06889,3806
56800.76879,3807
55733.48045,3808
55204.58481,3809
54621.87251,3810
53704.95424,3811
51558.61931,3812
50679.01091,3813
47930.74344,3814
43836.60728,3815
36778.25867,3816
34997.78655,3817
34183.30083,3818
34003.76123,3819
34200.71211,3820
34517.05456,3821
35298.30058,3822
36996.46486,3823
40414.27487,3824
43625.63694,3825
45645.34445,3826
49212.62005,3827
48751.10829,3828
46939.65768,3829
45554.67016,3830
44619.66227,3831
44503.21025,3832
45066.92844,3833
45541.10294,3834
45875.53503,3835
46737.27991,3836
44562.4538,3837
42827.20577,3838
39837.4417,3839
42099.09805,3840
40183.85817,3841
39631.67213,3842
39838.79842,3843
40741.4711,3844
44635.49069,3845
52913.98505,3846
58461.6232,3847
60265.83796,3848
61169.86736,3849
62463.72835,3850
63392.17876,3851
63090.98637,3852
62453.10069,3853
60796.31644,3854
59573.45726,3855
58273.03878,3856
58375.92357,3857
59326.75989,3858
61449.57831,3859
58627.59558,3860
53853.74147,3861
49185.25948,3862
45065.11947,3863
43058.75307,3864
41255.4428,3865
40476.23186,3866
40995.85657,3867
42317.98261,3868
45483.89448,3869
53323.03687,3870
58461.39708,3871
60061.65123,3872
60442.21188,3873
62105.77974,3874
62924.33563,3875
61790.11565,3876
60316.48893,3877
58918.16031,3878
58032.8989,3879
58369.81831,3880
61954.05294,3881
61116.72906,3882
59113.30223,3883
55525.44967,3884
51913.85447,3885
49444.39347,3886
45577.05608,3887
42386.04485,3888
39961.12957,3889
38904.24277,3890
38736.00918,3891
38948.33625,3892
38525.49108,3893
38260.47796,3894
40591.32715,3895
43632.19443,3896
46869.56035,3897
48731.66193,3898
50707.7282,3899
50362.89458,3900
48580.16126,3901
47256.45237,3902
46903.25229,3903
49225.73503,3904
52913.30669,3905
53993.25777,3906
52868.0826,3907
50748.88212,3908
48860.77669,3909
48181.28485,3910
44518.1342,3911
39526.52614,3912
37291.09976,3913
36422.57126,3914
36049.6987,3915
36014.1978,3916
35882.3696,3917
38176.36117,3918
41903.50389,3919
45273.37637,3920
47766.58002,3921
49820.88395,3922
50193.98263,3923
49829.70265,3924
47739.67169,3925
46195.72153,3926
45471.23173,3927
45068.28516,3928
45176.59684,3929
44720.73809,3930
43703.8746,3931
41621.0795,3932
40565.77554,3933
40342.14246,3934
37614.45194,3935
34718.75397,3936
33001.14333,3937
31617.51253,3938
30916.08702,3939
30677.52999,3940
30385.1563,3941
31320.84256,3942
33836.88437,3943
37184.1448,3944
39883.57027,3945
41799.71462,3946
43847.00882,3947
43358.81486,3948
41902.37329,3949
40512.41113,3950
39169.25589,3951
39397.6375,3952
40274.08021,3953
41441.53989,3954
42056.81353,3955
41302.70196,3956
40692.62909,3957
41101.90704,3958
38074.8331,3959
35533.91805,3960
34033.83524,3961
33409.74291,3962
33580.91606,3963
34869.57628,3964
37979.63641,3965
46249.08594,3966
52437.54934,3967
54867.43927,3968
55585.82382,3969
56786.97544,3970
58053.02362,3971
57320.39349,3972
57045.65719,3973
55994.64952,3974
55103.7351,3975
53771.43364,3976
53385.89834,3977
52817.88387,3978
52534.78112,3979
50457.86515,3980
48103.04719,3981
46843.78262,3982
42834.89386,3983
39517.48132,3984
37710.10088,3985
36854.91349,3986
37219.87183,3987
37947.30119,3988
40057.00462,3989
47614.85322,3990
52712.964,3991
55085.41935,3992
55898.09611,3993
57759.74545,3994
59582.95432,3995
58883.56389,3996
58105.25743,3997
57006.31224,3998
55668.13165,3999
54167.82272,4000
54183.65115,4001
53673.29739,4002
53142.59278,4003
50746.62091,4004
48631.26447,4005
46576.5083,4006
42635.68178,4007
39542.80681,4008
37854.13958,4009
36931.5683,4010
36969.10429,4011
38038.87996,4012
40446.15785,4013
47572.34259,4014
53031.11542,4015
55450.82993,4016
56052.08411,4017
57886.37288,4018
58858.91676,4019
58300.85159,4020
58521.09287,4021
57356.34663,4022
56753.50962,4023
55659.76519,4024
55310.63528,4025
54130.06062,4026
53462.10092,4027
51429.73067,4028
49731.11415,4029
47733.56644,4030
43406.52626,4031
40244.45844,4032
38461.27288,4033
37630.05425,4034
37537.11876,4035
38541.99787,4036
41330.74089,4037
48409.21423,4038
54195.18329,4039
57067.13863,4040
57728.76695,4041
58761.00663,4042
59989.06658,4043
59448.86491,4044
58804.87399,4045
57503.77714,4046
56212.6296,4047
56098.66491,4048
55664.2876,4049
55243.47752,4050
53976.52486,4051
52350.26686,4052
49840.10419,4053
47671.60945,4054
43561.64486,4055
40144.73934,4056
38120.50942,4057
37374.76431,4058
37714.62329,4059
38571.61964,4060
41204.79182,4061
48464.38761,4062
53744.52532,4063
56512.9175,4064
57563.92517,4065
58928.10961,4066
60032.48169,4067
59402.51023,4068
58664.90545,4069
57342.10105,4070
55693.45713,4071
55163.65701,4072
54576.87455,4073
53901.679,4074
52580.0052,4075
49914.04556,4076
47938.20541,4077
45883.22312,4078
42569.65462,4079
38868.28962,4080
35927.14144,4081
34733.67791,4082
34652.50069,4083
34626.49684,4084
34472.50884,4085
36477.97076,4086
40038.91499,4087
43674.02671,4088
46556.38358,4089
48178.57141,4090
48784.80023,4091
48099.65539,4092
46275.76815,4093
44351.03122,4094
43883.64033,4095
44236.16205,4096
44440.12266,4097
44461.37798,4098
44259.00021,4099
42127.81534,4100
40730.3912,4101
39972.66171,4102
37126.71022,4103
34377.99051,4104
32181.90908,4105
31185.84867,4106
30792.17304,4107
30680.01731,4108
30481.48359,4109
31351.82105,4110
33714.77934,4111
36652.76184,4112
39703.12618,4113
41912.54871,4114
44580.09119,4115
44130.3377,4116
42017.46858,4117
40743.95843,4118
39942.81381,4119
39563.38376,4120
40761.82194,4121
42201.07835,4122
42456.82054,4123
41733.23522,4124
41056.00459,4125
41613.16529,4126
38857.88808,4127
36103.51536,4128
34812.1417,4129
33852.48667,4130
34144.63424,4131
35665.52013,4132
38696.43811,4133
46672.60947,4134
52543.82594,4135
55229.91029,4136
55657.27787,4137
57594.45143,4138
59011.54804,4139
58330.02112,4140
57687.83916,4141
56242.92973,4142
56061.80728,4143
54697.84897,4144
54646.97187,4145
54429.89628,4146
53372.55724,4147
51094.3941,4148
49165.587,4149
46237.10156,4150
41546.00752,4151
38632.21991,4152
37100.93249,4153
36196.67697,4154
36285.09005,4155
37424.5108,4156
39820.03043,4157
47409.76201,4158
53315.12266,4159
55782.7747,4160
57708.18999,4161
59246.48715,4162
60428.41853,4163
59243.99982,4164
58406.2237,4165
57870.31833,4166
56718.9132,4167
55722.62667,4168
55301.13822,4169
54926.00446,4170
54595.41642,4171
51829.05932,4172
49537.7812,4173
47233.61421,4174
43410.37031,4175
40949.728,4176
39415.50102,4177
38858.1142,4178
39071.79799,4179
39563.15764,4180
42066.98895,4181
49380.85363,4182
54986.15249,4183
58043.07432,4184
58687.29137,4185
59999.92036,4186
61389.88252,4187
59824.90316,4188
58102.09175,4189
57059.90278,4190
56262.60221,4191
54471.27632,4192
54020.84446,4193
53889.24238,4194
53606.59187,4195
51784.5136,4196
49603.80836,4197
47458.15178,4198
43670.18266,4199
40417.66668,4200
38746.1846,4201
37836.95443,4202
37907.27788,4203
38863.99333,4204
41348.15216,4205
48520.91771,4206
53687.76909,4207
56348.75408,4208
56708.05942,4209
57919.61258,4210
59368.81829,4211
58785.42763,4212
58323.91587,4213
57287.60603,4214
56514.04811,4215
54927.36118,4216
54746.01261,4217
53733.89766,4218
53299.97259,4219
51187.78183,4220
49231.84028,4221
47205.34916,4222
43231.73519,4223
40317.26921,4224
38257.08615,4225
37361.64933,4226
37506.81863,4227
38261.38244,4228
40660.06776,4229
47809.31678,4230
53315.12266,4231
55987.18755,4232
56705.79821,4233
57862.63023,4234
59012.90476,4235
58698.59739,4236
57548.7751,4237
55957.56577,4238
55196.21835,4239
53963.18375,4240
53546.44384,4241
52870.34381,4242
51902.32233,4243
49488.71307,4244
47844.81768,4245
46091.70614,4246
42927.60323,4247
39692.95076,4248
37077.41597,4249
35764.10862,4250
35204.23449,4251
35265.287,4252
35315.93797,4253
37328.86187,4254
40690.36789,4255
44773.87639,4256
47999.0318,4257
49816.58766,4258
50710.44165,4259
49541.173,4260
47357.5282,4261
46242.75457,4262
45233.57918,4263
45359.75437,4264
45469.64889,4265
44973.31459,4266
44063.40606,4267
41819.16098,4268
40271.59289,4269
39517.48132,4270
36808.78492,4271
34131.06702,4272
32502.54782,4273
31385.51299,4274
30817.04628,4275
30660.57096,4276
29892.43992,4277
30879.00327,4278
33452.02743,4279
36361.06651,4280
38938.16083,4281
40852.72235,4282
42815.67363,4283
42424.48532,4284
40810.66395,4285
39534.89259,4286
38804.97591,4287
38783.72059,4288
40022.63432,4289
41161.60283,4290
41782.30335,4291
41177.65738,4292
40972.11392,4293
41260.19133,4294
38174.77832,4295
35792.5998,4296
34472.0566,4297
33936.15123,4298
34324.17385,4299
35563.76594,4300
38901.75544,4301
46821.84894,4302
53080.63579,4303
55588.08502,4304
55720.13934,4305
57034.35117,4306
58653.59943,4307
58652.92107,4308
58182.13837,4309
57328.75994,4310
56257.17532,4311
54931.43135,4312
54140.9144,4313
53865.04749,4314
53100.30827,4315
50483.19063,4316
48503.0542,4317
46464.5787,4318
42299.44073,4319
39643.65651,4320
37860.01871,4321
36965.48637,4322
37144.57373,4323
37755.7772,4324
40192.90299,4325
47409.08365,4326
53050.10953,4327
55822.11965,4328
56734.96775,4329
58204.97654,4330
59718.62656,4331
59036.42129,4332
58370.7228,4333
57053.11916,4334
56027.6631,4335
54719.55653,4336
53825.70254,4337
53428.18286,4338
53025.68853,4339
51185.29451,4340
48816.23097,4341
46721.90372,4342
42768.64058,4343
41982.1938,4344
39916.58385,4345
39154.78418,4346
39351.73506,4347
40011.3283,4348
42848.23497,4349
50297.99802,4350
56374.30569,4351
58771.18204,4352
59308.21802,4353
60427.96629,4354
61046.40562,4355
60776.87009,4356
60196.64511,4357
59064.68634,4358
58503.6816,4359
59067.17366,4360
61992.49341,4361
61819.96354,4362
60277.3701,4363
57088.62007,4364
54547.93113,4365
52791.88003,4366
48903.96569,4367
46544.85144,4368
44640.0131,4369
43180.40585,4370
42196.55595,4371
41806.95048,4372
41165.22075,4373
41560.47923,4374
44409.37028,4375
47282.00398,4376
50068.03356,4377
51693.16095,4378
52678.36758,4379
52114.42328,4380
50700.94459,4381
49863.84683,4382
49949.54646,4383
50313.60033,4384
53354.91985,4385
56266.22014,4386
54237.46781,4387
51000.55413,4388
48086.31428,4389
48580.16126,4390
46148.46236,4391
46145.5228,4392
44899.59933,4393
44048.48211,4394
43904.89565,4395
44015.92077,4396
44431.53008,4397
44996.83111,4398
46656.10268,4399
49162.64744,4400
51741.09848,4401
53189.39971,4402
53447.17698,4403
53086.2888,4404
51552.51406,4405
50183.12885,4406
48840.87809,4407
47805.69885,4408
48790.67936,4409
52282.43074,4410
53020.03552,4411
50288.9532,4412
48611.13975,4413
48165.00418,4414
45473.26682,4415
37267.35711,4416
35763.20414,4417
35230.9167,4418
35810.91555,4419
37632.99382,4420
41278.95932,4421
48157.99445,4422
53507.09888,4423
57062.16398,4424
58098.92606,4425
59114.88507,4426
60116.37237,4427
60351.76371,4428
59883.24222,4429
58567.89979,4430
57451.76945,4431
55871.86614,4432
54878.51918,4433
54596.99926,4434
54703.04974,4435
55234.65882,4436
52950.16431,4437
50089.515,4438
46108.21293,4439
40970.07884,4440
39746.31518,4441
39130.13706,4442
39678.25293,4443
41162.05507,4444
43737.34042,4445
50255.03514,4446
55697.30118,4447
58559.30722,4448
59929.82303,4449
61305.76573,4450
61336.29198,4451
60824.35537,4452
60426.15733,4453
59210.30788,4454
58317.5845,4455
57281.95302,4456
55613.41051,4457
54789.42773,4458
53986.24803,4459
51950.93822,4460
51185.52063,4461
48005.36317,4462
43420.77185,4463
33785.55503,4464
31841.82398,4465
31081.83328,4466
30666.45009,4467
30613.76403,4468
30088.93856,4469
30976.91341,4470
32701.30766,4471
36000.63057,4472
39181.46639,4473
41054.19563,4474
42837.15507,4475
42517.42081,4476
41049.67322,4477
39853.72237,4478
39119.5094,4479
38913.73982,4480
39961.58181,4481
41555.50458,4482
40027.15673,4483
41191.45072,4484
40548.13815,4485
40920.10623,4486
37651.08345,4487
41789.08697,4488
39897.13749,4489
38881.17849,4490
38950.37133,4491
39731.16511,4492
42242.91063,4493
49378.14019,4494
55142.62781,4495
58010.28686,4496
58892.15646,4497
60313.54936,4498
61722.50564,4499
61196.77569,4500
61087.33341,4501
60235.08558,4502
59343.94504,4503
58048.72733,4504
57280.37018,4505
56563.7946,4506
55946.93812,4507
53041.51696,4508
52137.9398,4509
50132.02564,4510
45355.00584,4511
40797.09672,4512
38916.45327,4513
38013.78059,4514
38053.8039,4515
38695.53363,4516
41201.62614,4517
46477.46756,4518
51775.24266,4519
54746.9171,4520
56457.06576,4521
58316.68002,4522
59612.57609,4523
58778.19178,4524
57836.17415,4525
56700.82356,4526
55440.20228,4527
54621.87251,4528
53997.55406,4529
52724.27002,4530
51638.21369,4531
48950.54649,4532
47832.15494,4533
45604.86889,4534
42214.19334,4535
37493.47753,4536
36121.15275,4537
35445.27885,4538
35804.8103,4539
37460.0117,4540
41611.1302,4541
50030.94981,4542
55259.30595,4543
57724.9229,4544
58837.88756,4545
59948.13878,4546
61082.35876,4547
60528.36375,4548
59727.44526,4549
59034.83844,4550
57938.38057,4551
56559.95055,4552
56248.80886,4553
55977.91661,4554
56129.41729,4555
55793.8546,4556
52287.40539,4557
48381.40142,4558
44254.02556,4559
42212.38437,4560
40921.46295,4561
40105.39439,4562
40308.45052,4563
41548.49485,4564
45628.61154,4565
53491.7227,4566
58792.8896,4567
60792.02015,4568
60808.75306,4569
61638.61497,4570
62754.5192,4571
62147.38589,4572
61312.32322,4573
60053.05865,4574
58802.8389,4575
57203.71536,4576
57159.16964,4577
58195.02724,4578
59990.4233,4579
56733.3849,4580
52892.27749,4581
48719.45143,4582
44322.08781,4583
42378.13064,4584
40226.82105,4585
39103.68097,4586
38800.4535,4587
39091.92271,4588
39537.60604,4589
41447.41903,4590
44258.77409,4591
47934.36137,4592
50582.23137,4593
52193.79154,4594
52756.37912,4595
52708.21547,4596
50934.52697,4597
49637.95254,4598
49497.75788,4599
50661.1474,4600
54154.93386,4601
54243.79918,4602
51806.89952,4603
47942.95394,4604
45355.91032,4605
44277.31596,4606
41067.08449,4607
41516.15963,4608
39796.74003,4609
39149.35729,4610
39585.54356,4611
41140.79975,4612
45042.73355,4613
53532.65049,4614
60153.00387,4615
62134.04479,4616
62104.42302,4617
62104.42302,4618
63088.72516,4619
62787.08054,4620
62123.86937,4621
61286.09325,4622
61051.38026,4623
63063.39968,4624
65689.10989,4625
64893.61828,4626
63409.81615,4627
59647.62476,4628
56583.69319,4629
53657.46896,4630
49098.88148,4631
37180.97912,4632
35985.25439,4633
35289.93412,4634
35725.66815,4635
36909.18238,4636
40061.30091,4637
47202.4096,4638
53430.44407,4639
56814.56213,4640
58189.37423,4641
59229.75424,4642
60737.29901,4643
60730.28928,4644
59849.7764,4645
58558.62886,4646
57316.77556,4647
55425.95669,4648
55738.68122,4649
55293.22401,4650
54451.60384,4651
52198.76619,4652
49994.31831,4653
47465.61375,4654
43519.58647,4655
40988.39459,4656
38982.70655,4657
37947.30119,4658
38263.1914,4659
39246.81519,4660
41910.51363,4661
48650.93695,4662
54324.29805,4663
57646.68524,4664
58704.2504,4665
60370.30559,4666
61467.66794,4667
60571.77887,4668
60212.92578,4669
59512.17863,4670
58621.49033,4671
56743.3342,4672
56486.91366,4673
55702.72807,4674
54652.62488,4675
52132.96515,4676
50073.46045,4677
47922.37698,4678
44072.45087,4679
41136.9557,4680
39429.97272,4681
38716.11059,4682
38928.21153,4683
39865.93287,4684
42197.00819,4685
49171.46613,4686
54855.90713,4687
57318.13229,4688
57891.12141,4689
59534.11231,4690
60958.89702,4691
60147.8031,4692
59331.73454,4693
58877.91088,4694
58005.53833,4695
56452.54335,4696
55876.38855,4697
55558.46325,4698
55091.97684,4699
52538.85129,4700
50549.44391,4701
48075.91274,4702
44480.37209,4703
41618.8183,4704
39788.82581,4705
38722.21584,4706
38807.23711,4707
39613.5825,4708
42322.50501,4709
49264.62774,4710
54764.78061,4711
57715.65197,4712
58816.18001,4713
59894.77436,4714
61414.52964,4715
60964.09779,4716
60325.53375,4717
59122.12092,4718
58048.72733,4719
56507.03837,4720
55856.03771,4721
55103.96122,4722
54391.68193,4723
52436.19262,4724
50496.0795,4725
48544.43423,4726
44850.07896,4727
42221.42919,4728
40250.33757,4729
39110.23846,4730
39002.1529,4731
39806.01096,4732
42162.63788,4733
49325.22801,4734
55094.69029,4735
57906.72371,4736
59294.65079,4737
60776.64397,4738
61661.90537,4739
60992.58896,4740
58840.60101,4741
56548.19229,4742
55173.15407,4743
54766.58957,4744
54930.97911,4745
54388.96849,4746
52960.11361,4747
50630.39502,4748
48262.46208,4749
46604.09499,4750
43340.72522,4751
40213.70606,4752
37806.88041,4753
36676.27836,4754
36186.95379,4755
36099.89743,4756
35762.7519,4757
37946.39671,4758
41366.46792,4759
44606.7734,4760
47205.57528,4761
48823.69294,4762
50422.36424,4763
50117.55393,4764
47525.30954,4765
45947.2152,4766
45442.51444,4767
44700.61337,4768
44648.15344,4769
44605.19056,4770
43280.12495,4771
41200.72166,4772
39996.85659,4773
39691.59404,4774
37201.55608,4775
35140.69465,4776
33590.63924,4777
32565.4093,4778
32138.26784,4779
32083.32058,4780
31911.69519,4781
32356.0218,4782
34755.38547,4783
37879.91731,4784
39777.97203,4785
41972.01838,4786
44391.05453,4787
44713.27612,4788
43388.66275,4789
41504.40137,4790
40574.142,4791
40666.39913,4792
41751.32486,4793
42109.95183,4794
41461.21237,4795
40775.61529,4796
40610.54739,4797
41287.55189,4798
38524.36048,4799
36553.49498,4800
35365.91058,4801
34763.75193,4802
34824.3522,4803
36084.97349,4804
39150.71401,4805
46498.49676,4806
52448.40312,4807
55255.68802,4808
56736.32447,4809
58465.46725,4810
59799.12543,4811
59286.28434,4812
59035.5168,4813
57481.39122,4814
56756.22306,4815
55758.80593,4816
55223.3528,4817
54722.26997,4818
53549.83564,4819
51341.09147,4820
49897.08653,4821
47672.96617,4822
43598.05025,4823
40716.59786,4824
38961.22511,4825
38517.57686,4826
38776.03249,4827
39915.001,4828
42450.48917,4829
48687.34233,4830
54603.10451,4831
57553.29751,4832
59233.59828,4833
61369.07944,4834
62885.66904,4835
62855.59502,4836
62354.51219,4837
60698.18018,4838
59615.28954,4839
58678.47268,4840
57390.71694,4841
56099.56939,4842
55068.68644,4843
52614.82774,4844
50881.6148,4845
48995.77057,4846
44921.75913,4847
42142.73929,4848
40297.59674,4849
39228.27332,4850
39431.55556,4851
40090.69656,4852
42609.22569,4853
49289.72711,4854
55085.19323,4855
58060.93783,4856
59206.46383,4857
60773.93052,4858
62097.6394,4859
61406.84155,4860
60730.06316,4861
59821.05911,4862
58960.89707,4863
57208.69001,4864
55992.1622,4865
55130.64343,4866
54211.01172,4867
51637.30921,4868
50256.61798,4869
48126.78983,4870
43916.65391,4871
41048.99486,4872
39463.43854,4873
38700.05604,4874
38763.36975,4875
39670.79096,4876
42193.8425,4877
48714.7029,4878
53853.51535,4879
56634.11804,4880
57577.04016,4881
58596.61709,4882
60442.21188,4883
60072.95725,4884
58911.60282,4885
57878.45866,4886
56938.70224,4887
55991.70996,4888
55275.13438,4889
54350.07578,4890
53623.5509,4891
51130.12113,4892
49599.28595,4893
47627.06373,4894
43671.31326,4895
40909.25245,4896
39154.55806,4897
38220.22852,4898
38355.44853,4899
39251.11148,4900
41735.72255,4901
47930.51732,4902
52954.23448,4903
55799.28149,4904
56878.78033,4905
58491.24498,4906
59297.13812,4907
59003.63383,4908
57713.39076,4909
56441.91569,4910
55315.83605,4911
54362.73852,4912
54121.24192,4913
53709.70277,4914
52655.98166,4915
50206.87149,4916
48976.0981,4917
47091.38447,4918
43394.99412,4919
41113.21306,4920
38654.60583,4921
37315.29464,4922
36558.01739,4923
36472.76999,4924
36596.9101,4925
38118.47434,4926
41343.40364,4927
45191.97303,4928
48242.33736,4929
49864.75131,4930
51242.27685,4931
50271.76805,4932
49144.78392,4933
47984.10786,4934
47428.53001,4935
47385.79325,4936
46927.6733,4937
46442.4189,4938
45132.05112,4939
42986.39454,4940
41932.89955,4941
41628.76759,4942
38963.71244,4943
36541.5106,4944
34838.59778,4945
34410.55185,4946
34036.77481,4947
33896.12791,4948
33266.15645,4949
33742.81827,4950
35538.44046,4951
38542.67623,4952
41214.74112,4953
42875.82166,4954
44283.42122,4955
44193.65141,4956
42357.10144,4957
41180.1447,4958
40315.46025,4959
39639.1341,4960
40722.02475,4961
41878.85677,4962
42356.6492,4963
41684.61934,4964
41494.90431,4965
40892.0673,4966
38507.17533,4967
36340.48955,4968
35084.61679,4969
34191.21505,4970
34196.41582,4971
35592.93547,4972
39181.69251,4973
46245.69414,4974
51915.88956,4975
55284.17919,4976
56287.92769,4977
58233.69383,4978
59706.8683,4979
59224.10123,4980
58814.37104,4981
57468.72848,4982
56699.91908,4983
55388.87294,4984
54773.37318,4985
54153.57714,4986
53195.9572,4987
50670.87057,4988
49691.31696,4989
47379.91412,4990
43110.0824,4991
40374.47768,4992
38972.98337,4993
38262.28692,4994
38188.11943,4995
39049.86431,4996
41646.17887,4997
48049.45665,4998
53179.22429,4999
56028.7937,5000
57968.22847,5001
60013.48758,5002
61263.48121,5003
59915.35132,5004
59186.33912,5005
58692.49214,5006
57642.38895,5007
56551.81021,5008
56019.52277,5009
55091.5246,5010
54249.22607,5011
51128.08604,5012
49488.26083,5013
46524.5006,5014
42778.13764,5015
40549.04263,5016
39152.29686,5017
38099.48023,5018
38195.80752,5019
39001.0223,5020
41963.4258,5021
48025.71401,5022
53143.72338,5023
56014.54812,5024
57840.92267,5025
59320.42852,5026
60914.12518,5027
60245.71324,5028
59355.47718,5029
58243.86925,5030
57898.8095,5031
56768.88581,5032
56617.83737,5033
55100.11718,5034
54396.8827,5035
52393.9081,5036
51205.64535,5037
48641.43989,5038
44585.51808,5039
41805.14151,5040
39928.56823,5041
38837.31113,5042
38727.41661,5043
39856.88806,5044
42737.88821,5045
48890.62458,5046
54409.54544,5047
57128.64338,5048
58708.77281,5049
60529.04212,5050
62499.45537,5051
61876.94588,5052
60512.53533,5053
60198.90632,5054
58480.61732,5055
57127.7389,5056
56187.07799,5057
55114.58888,5058
53768.7202,5059
50871.6655,5060
49240.8851,5061
46790.19209,5062
42891.42397,5063
39869.09856,5064
38202.59113,5065
37133.71995,5066
37166.50741,5067
37970.59159,5068
40715.46726,5069
46547.56489,5070
51626.68155,5071
54694.45716,5072
55880.23259,5073
57849.74137,5074
58265.12456,5075
57948.10375,5076
56579.84914,5077
54886.43339,5078
53322.13239,5079
52221.60435,5080
51810.96968,5081
50857.87215,5082
49552.02678,5083
47380.8186,5084
46091.70614,5085
43910.54866,5086
40579.11665,5087
45700.06559,5088
43589.90992,5089
42850.72229,5090
42849.36557,5091
43732.36577,5092
46027.26182,5093
52726.53123,5094
59247.16551,5095
61952.92234,5096
62152.13442,5097
62695.95401,5098
63507.50016,5099
62529.98163,5100
61447.09098,5101
60274.20441,5102
60274.65665,5103
60569.74379,5104
62517.09277,5105
61688.8137,5106
60287.09328,5107
56691.32651,5108
53635.30916,5109
52277.68221,5110
48097.6203,5111
43403.5867,5112
41194.84253,5113
39976.95799,5114
39201.13887,5115
38769.92724,5116
37638.19459,5117
36280.34152,5118
38504.00964,5119
41283.02949,5120
44929.22111,5121
47321.80117,5122
48448.33306,5123
47636.7869,5124
45743.48071,5125
44406.65684,5126
43496.06995,5127
43765.8316,5128
46853.95804,5129
51543.46924,5130
50482.28615,5131
48463.25701,5132
48012.82515,5133
49069.93807,5134
46873.17828,5135
42869.94253,5136
41089.01817,5137
40372.89483,5138
40327.67075,5139
40392.56731,5140
40388.72326,5141
39538.05828,5142
40712.52769,5143
42858.63651,5144
45102.42934,5145
46920.88968,5146
48122.26743,5147
47709.8238,5148
46070.45082,5149
44538.71116,5150
43638.75192,5151
43458.9862,5152
45108.98683,5153
49174.4057,5154
50668.60937,5155
48296.60626,5156
46948.92862,5157
47153.11535,5158
44834.9289,5159
42583.67409,5160
40556.95685,5161
39423.64135,5162
40038.46275,5163
41119.77055,5164
43805.17655,5165
49547.50437,5166
54017.00041,5167
57004.7294,5168
58284.3448,5169
59332.86514,5170
60093.08196,5171
59433.26261,5172
58384.74226,5173
56681.82945,5174
55573.3872,5175
54026.49747,5176
53489.68761,5177
53633.50019,5178
53820.72789,5179
54334.92571,5180
52440.26279,5181
49396.22982,5182
45480.05043,5183
40530.50076,5184
38725.1554,5185
37696.30753,5186
37901.85099,5187
39325.50509,5188
42467.4482,5189
48787.73979,5190
54192.92209,5191
56499.12416,5192
57004.95552,5193
58200.22801,5194
59223.64899,5195
58571.2916,5196
57589.92902,5197
56161.52638,5198
54785.35757,5199
53927.23061,5200
53041.9692,5201
52391.42078,5202
51414.35448,5203
49847.79228,5204
49324.32353,5205
46671.02663,5206
42496.39161,5207
34924.0713,5208
33325.62612,5209
32784.06773,5210
32927.65419,5211
33842.31125,5212
37046.21135,5213
45979.77654,5214
52030.75872,5215
54835.10406,5216
55950.55604,5217
57137.23596,5218
58711.26014,5219
58733.87218,5220
57840.92267,5221
56566.96028,5222
55958.9225,5223
54696.26612,5224
54353.46758,5225
54076.92232,5226
53580.58802,5227
51249.51271,5228
48877.73572,5229
47089.34939,5230
42691.3074,5231
42604.47717,5232
41332.32374,5233
39803.52364,5234
39292.49151,5235
40046.37696,5236
42861.57607,5237
49970.57566,5238
55482.26067,5239
58158.84797,5240
59185.66076,5241
61021.98461,5242
62997.59864,5243
62384.13396,5244
61972.59482,5245
61092.53418,5246
59598.78275,5247
58473.38146,5248
57955.3396,5249
56274.13435,5250
55220.63936,5251
52618.44567,5252
50598.96428,5253
48606.61735,5254
44594.11066,5255
39389.49717,5256
37662.16335,5257
36445.63554,5258
36541.73672,5259
36551.91214,5260
37441.92207,5261
39442.86159,5262
42575.30763,5263
45838.22516,5264
48825.5019,5265
50442.48896,5266
51348.55344,5267
50946.73748,5268
49280.45617,5269
47858.38491,5270
47098.39421,5271
46178.98862,5272
45975.02801,5273
46012.11175,5274
45449.97641,5275
43446.09733,5276
42820.8744,5277
41191.45072,5278
38328.76632,5279
41206.60079,5280
39606.12052,5281
38694.17691,5282
39087.4003,5283
40319.3043,5284
43834.11996,5285
51210.61999,5286
55554.39308,5287
57967.32398,5288
58374.34072,5289
59440.72458,5290
61238.15572,5291
61121.02535,5292
60844.48009,5293
59747.56998,5294
58195.25336,5295
56649.49423,5296
56251.52231,5297
55841.33988,5298
56138.91434,5299
56363.67803,5300
52618.21955,5301
48690.2819,5302
44503.43637,5303
41126.55416,5304
39443.31383,5305
38649.85731,5306
38905.37337,5307
40416.30995,5308
43843.3909,5309
51582.13583,5310
57413.78122,5311
59164.40544,5312
59547.00117,5313
60437.68947,5314
61563.09075,5315
61247.8789,5316
60417.56475,5317
59054.05868,5318
58069.75653,5319
56636.15313,5320
56449.37767,5321
57544.47882,5322
59056.31988,5323
55897.86999,5324
51957.49571,5325
48271.28078,5326
43908.96582,5327
38480.94536,5328
36617.9393,5329
35694.0113,5330
35317.52081,5331
35532.78744,5332
35651.9529,5333
36141.27747,5334
37453.45421,5335
40268.4272,5336
43095.83682,5337
45387.7933,5338
47399.81271,5339
46256.3218,5340
44260.35693,5341
43034.55819,5342
42759.14353,5343
44082.40017,5344
49324.54965,5345
51011.63403,5346
49646.54511,5347
47417.67623,5348
45536.35441,5349
45073.48593,5350
41548.49485,5351
45677.22743,5352
43917.33227,5353
43435.46968,5354
44250.18151,5355
45754.56061,5356
49079.43512,5357
56467.01506,5358
62464.40671,5359
63675.28151,5360
63613.0984,5361
64195.35845,5362
64647.14703,5363
63950.01781,5364
63602.24462,5365
62335.29196,5366
61994.5285,5367
63656.96576,5368
66485.50597,5369
65693.18005,5370
64202.59431,5371
60734.81169,5372
57590.8335,5373
54320.90624,5374
49754.63067,5375
41401.29046,5376
39699.96049,5377
38520.96867,5378
38867.61126,5379
39675.31337,5380
42442.34883,5381
48288.01369,5382
53223.99613,5383
56020.20113,5384
57494.95845,5385
59115.56343,5386
60694.33614,5387
60389.2997,5388
60508.01292,5389
59705.7377,5390
59183.62567,5391
57813.5621,5392
57032.76833,5393
56276.39555,5394
55257.7231,5395
53236.65887,5396
52158.969,5397
49264.85386,5398
45523.23943,5399
42022.89547,5400
40678.83575,5401
39972.66171,5402
40447.28845,5403
41257.93012,5404
43732.36577,5405
49593.40682,5406
54549.06174,5407
57293.25904,5408
58457.32691,5409
59836.20918,5410
60733.22885,5411
60342.26666,5412
59023.08018,5413
57877.32806,5414
56895.51324,5415
55092.20296,5416
54116.26727,5417
54223.44835,5418
52308.43459,5419
50030.04533,5420
49046.42154,5421
46089.67106,5422
43075.03374,5423
40132.75496,5424
38411.75251,5425
37400.76816,5426
36788.66021,5427
36624.04455,5428
36945.13553,5429
38308.18936,5430
41060.527,5431
44024.0611,5432
46925.86433,5433
48755.40458,5434
50037.28118,5435
49289.27487,5436
47598.57256,5437
46468.42274,5438
45887.97165,5439
44981.45492,5440
45373.99996,5441
44897.56425,5442
44082.40017,5443
42853.66186,5444
42529.40519,5445
40477.58858,5446
38089.75705,5447
35945.68331,5448
34185.78816,5449
33162.36718,5450
32775.02292,5451
32766.20422,5452
33078.47651,5453
33726.31148,5454
35366.58894,5455
38391.17556,5456
40550.62548,5457
42625.95861,5458
44785.86077,5459
44760.53528,5460
43136.53849,5461
41810.34228,5462
41250.01591,5463
41271.0451,5464
42517.42081,5465
43405.39566,5466
43139.02582,5467
42860.44547,5468
42405.49121,5469
40844.58201,5470
38333.06261,5471
36269.71386,5472
34996.88207,5473
34569.28838,5474
34807.16705,5475
35856.36575,5476
39407.81292,5477
46511.61174,5478
51929.23066,5479
54918.54249,5480
56393.75205,5481
58314.87106,5482
59446.37759,5483
58773.66937,5484
57989.03154,5485
57376.01911,5486
56234.56328,5487
54534.59003,5488
54358.66835,5489
53907.55813,5490
53183.06834,5491
51720.52152,5492
50226.09173,5493
46524.95285,5494
42536.1888,5495
39720.53745,5496
38105.58548,5497
37302.85802,5498
37246.55404,5499
38132.04156,5500
41199.36493,5501
47384.66265,5502
52322.45405,5503
55268.35076,5504
56653.11216,5505
58088.97676,5506
59526.87646,5507
59092.95139,5508
58671.23682,5509
57308.40911,5510
55752.9268,5511
54497.7324,5512
53935.14482,5513
53393.36032,5514
52463.77931,5515
51213.10732,5516
49882.3887,5517
45944.27563,5518
41708.13586,5519
39443.53995,5520
37840.12011,5521
37146.38269,5522
37233.21293,5523
38182.91866,5524
41337.07226,5525
47153.79371,5526
52230.19693,5527
54906.78423,5528
55912.11557,5529
57317.68004,5530
58682.31672,5531
57864.89144,5532
57093.82084,5533
55910.08049,5534
54819.50175,5535
53828.64211,5536
53377.98413,5537
52996.519,5538
52359.76392,5539
51312.37418,5540
50160.06457,5541
46122.45851,5542
42113.11751,5543
39682.3231,5544
38163.69842,5545
37293.13484,5546
37351.70003,5547
38437.078,5548
41491.28638,5549
47490.487,5550
52264.34111,5551
54870.83108,5552
56055.02367,5553
57440.23731,5554
58420.24317,5555
57970.71579,5556
57248.26108,5557
56279.78736,5558
55387.06398,5559
54096.82092,5560
53842.20933,5561
53494.43614,5562
52628.62109,5563
51293.15394,5564
50071.65149,5565
46490.35642,5566
42556.76576,5567
40020.37311,5568
38644.88266,5569
37818.8648,5570
37904.11219,5571
38715.88446,5572
41691.85519,5573
47645.37948,5574
52389.83794,5575
54934.1448,5576
56190.01756,5577
57458.32694,5578
58375.69745,5579
57598.06935,5580
56537.33851,5581
55191.69594,5582
54004.56379,5583
53004.20709,5584
52395.03871,5585
51675.9758,5586
50626.09873,5587
49159.93399,5588
48004.45869,5589
44578.96059,5590
41340.01183,5591
38894.29347,5592
37149.09614,5593
35981.18422,5594
35518.08962,5595
35466.08192,5596
35862.69712,5597
37343.33357,5598
40401.38601,5599
44001.44906,5600
46813.48249,5601
48732.34029,5602
49735.86268,5603
49301.93761,5604
47549.73055,5605
46174.69233,5606
45237.42323,5607
44342.21252,5608
44022.47826,5609
44324.34901,5610
43789.80036,5611
42687.9156,5612
42476.26689,5613
40334.00212,5614
37728.19051,5615
35472.18717,5616
33778.31918,5617
32693.61957,5618
32190.50166,5619
31954.88419,5620
32176.70831,5621
32247.03176,5622
34508.91423,5623
37725.92931,5624
40722.25087,5625
42493.90429,5626
44566.07173,5627
44601.12039,5628
44026.54843,5629
43699.35219,5630
43053.32618,5631
42659.19831,5632
43324.67067,5633
43506.47148,5634
43283.51676,5635
43494.4871,5636
43293.69218,5637
42157.21099,5638
39254.05104,5639
37012.06717,5640
35996.33429,5641
35359.80533,5642
35612.83407,5643
36962.99904,5644
40349.60443,5645
47388.28057,5646
52880.51923,5647
55848.80186,5648
56987.092,5649
59235.18113,5650
60169.05842,5651
59462.88438,5652
58790.17616,5653
58880.85044,5654
58157.26513,5655
56312.80094,5656
55846.08841,5657
55224.03116,5658
55462.81432,5659
54398.69166,5660
52878.93638,5661
49597.70311,5662
46608.84352,5663
44678.45357,5664
43474.58851,5665
42746.02854,5666
42463.15191,5667
43369.89476,5668
46479.50264,5669
52178.18923,5670
56373.62733,5671
58969.94188,5672
60264.70736,5673
61866.0921,5674
63076.74078,5675
63208.34286,5676
62537.89584,5677
61066.75645,5678
59699.63245,5679
57055.60649,5680
56142.53227,5681
55556.20205,5682
55223.12668,5683
54202.64527,5684
52808.83906,5685
50047.23048,5686
46681.20205,5687
44422.48527,5688
43352.70961,5689
42751.00319,5690
42928.73384,5691
44106.59505,5692
46725.74777,5693
51867.95203,5694
55626.97773,5695
57891.79977,5696
59066.72142,5697
60923.84835,5698
61945.23425,5699
61459.30149,5700
61252.17519,5701
60471.38141,5702
59743.27369,5703
58097.79546,5704
56543.896,5705
55870.50942,5706
54823.11967,5707
53519.30939,5708
52322.90629,5709
49003.68479,5710
45098.13305,5711
42089.60099,5712
40029.87017,5713
38902.65992,5714
38833.91932,5715
39792.89598,5716
43581.54346,5717
50426.88665,5718
55598.48656,5719
57900.39234,5720
59292.38959,5721
60742.49978,5722
62118.6686,5723
61527.13761,5724
61358.45178,5725
60125.41718,5726
58635.05756,5727
56900.03565,5728
56107.48361,5729
55987.63979,5730
54821.98907,5731
53495.56674,5732
50821.24065,5733
47180.70204,5734
43566.16727,5735
41056.23071,5736
39270.10559,5737
38389.14047,5738
38536.34486,5739
39435.17349,5740
42282.93394,5741
49162.64744,5742
54443.68963,5743
57288.28439,5744
58322.78527,5745
59951.07835,5746
61579.82366,5747
60484.72252,5748
58829.29499,5749
57111.45823,5750
55826.64206,5751
54477.15545,5752
54088.68058,5753
53002.85037,5754
51971.51518,5755
51130.12113,5756
49145.01004,5757
45518.26478,5758
42166.25581,5759
39590.97045,5760
37656.28422,5761
36481.36257,5762
36104.64596,5763
36113.69078,5764
36861.92322,5765
38536.11874,5766
41528.59625,5767
44879.47462,5768
47839.61691,5769
49486.45186,5770
50570.24699,5771
50037.5073,5772
48258.84415,5773
46760.34419,5774
45546.98207,5775
44999.54456,5776
44878.34402,5777
44900.2777,5778
44393.08961,5779
44054.81348,5780
42717.31125,5781
40393.24567,5782
37768.66606,5783
35653.30962,5784
34102.12361,5785
32986.89774,5786
32393.7839,5787
32362.12705,5788
32807.13202,5789
33455.19311,5790
35351.43888,5791
37904.79055,5792
41014.85068,5793
41033.39255,5794
45242.85012,5795
42077.39049,5796
41677.83572,5797
42509.73271,5798
41101.68092,5799
38955.34598,5800
40723.38147,5801
42951.572,5802
43940.39655,5803
44835.60726,5804
44439.4443,5805
42684.52379,5806
39739.75768,5807
37713.26656,5808
36531.5613,5809
36056.70844,5810
36434.78176,5811
37609.4773,5812
41708.13586,5813
49053.20516,5814
54461.55314,5815
57397.27443,5816
58990.97108,5817
60842.89725,5818
62045.85783,5819
61566.70868,5820
60947.81712,5821
59767.92081,5822
58765.98127,5823
57145.60241,5824
56554.74978,5825
55933.37089,5826
55027.75865,5827
55138.10541,5828
53106.41352,5829
49140.48764,5830
44917.01061,5831
44031.07084,5832
42037.36718,5833
40831.24091,5834
41224.69042,5835
42507.92375,5836
45992.43928,5837
52997.42348,5838
59815.63222,5839
63184.3741,5840
63644.30301,5841
64420.8005,5842
64663.20158,5843
63737.69074,5844
62654.57398,5845
61430.35807,5846
61115.82458,5847
62255.69757,5848
64524.13753,5849
63727.96756,5850
60830.91286,5851
56939.3806,5852
53815.75325,5853
50402.69177,5854
46981.48995,5855
44486.92958,5856
42702.16118,5857
41699.09104,5858
41902.37329,5859
42923.53307,5860
46158.18554,5861
53866.63034,5862
60036.09962,5863
62530.20775,5864
63191.38383,5865
64452.00512,5866
65198.20247,5867
64975.47387,5868
64610.96777,5869
63805.97911,5870
62804.71793,5871
61852.07264,5872
63008.67854,5873
64013.1054,5874
62509.63079,5875
58640.03221,5876
55489.49652,5877
53210.20279,5878
49008.2072,5879
42505.66255,5880
41245.94574,5881
40414.50099,5882
40803.4281,5883
42211.47989,5884
45461.28243,5885
52595.83363,5886
56766.85072,5887
58743.82147,5888
59324.27257,5889
60119.31193,5890
61045.27501,5891
60464.5978,5892
59930.72751,5893
58913.6379,5894
58105.03131,5895
56661.25249,5896
56778.83511,5897
59690.81375,5898
60902.36691,5899
57665.90548,5900
54961.50537,5901
52498.37573,5902
49116.97111,5903
41746.57633,5904
39665.81631,5905
38683.77537,5906
39389.94941,5907
40891.61506,5908
43818.06541,5909
48435.21807,5910
53392.45584,5911
56019.74889,5912
57506.71671,5913
58435.84547,5914
59154.23002,5915
58394.69156,5916
57632.43966,5917
56202.90642,5918
54902.26182,5919
53155.02941,5920
52323.13241,5921
52039.3513,5922
52343.03101,5923
53100.08215,5924
51416.16345,5925
48189.19907,5926
44112.24806,5927
38790.05196,5928
36553.04274,5929
35081.67723,5930
34782.51992,5931
35157.65368,5932
35675.69554,5933
37344.6903,5934
41505.30585,5935
45230.41349,5936
48722.391,5937
50715.19017,5938
52176.83251,5939
50610.94867,5940
48610.23527,5941
46825.01463,5942
45974.80189,5943
45313.17357,5944
45847.26998,5945
46465.03094,5946
45053.13509,5947
43265.42713,5948
42842.12972,5949
41639.16913,5950
38627.92363,5951
39574.01142,5952
37937.80413,5953
37084.19958,5954
37233.89129,5955
38315.87746,5956
41053.51727,5957
48870.49986,5958
54126.44269,5959
56315.7405,5960
56990.25769,5961
58430.64471,5962
59498.83753,5963
58810.97924,5964
58329.795,5965
57259.11486,5966
56357.57278,5967
54932.10971,5968
54798.69867,5969
54488.91371,5970
53880.19756,5971
51759.41423,5972
49749.4299,5973
47492.29596,5974
43250.7293,5975
41640.52586,5976
39990.52522,5977
39411.43085,5978
39232.34348,5979
39938.74365,5980
41911.64423,5981
49198.60058,5982
54552.67966,5983
57440.68955,5984
59069.88711,5985
61115.37234,5986
63020.4368,5987
62370.1145,5988
61638.38885,5989
60791.56791,5990
59698.95409,5991
58129.90456,5992
57136.5576,5993
56564.69908,5994
54985.24801,5995
52760.44929,5996
50334.62952,5997
48151.21084,5998
44438.08758,5999
35798.70505,6000
33786.91175,6001
32595.93555,6002
32171.73366,6003
32386.09581,6004
32296.55213,6005
32608.14605,6006
34984.67157,6007
37858.66199,6008
40245.36292,6009
42036.91494,6010
43972.50565,6011
43784.59959,6012
42480.11094,6013
41554.37398,6014
41067.76286,6015
40931.18613,6016
41766.2488,6017
42946.14511,6018
42895.49413,6019
42406.16957,6020
43232.18743,6021
42238.1621,6022
39590.29209,6023
41652.28412,6024
39767.34437,6025
38762.46527,6026
38995.82153,6027
40217.32399,6028
43927.28157,6029
50962.11366,6030
55360.38177,6031
57723.11394,6032
58509.33461,6033
59832.81737,6034
61579.37142,6035
60883.82504,6036
60066.62588,6037
58913.18566,6038
57646.45912,6039
56249.03498,6040
55153.25547,6041
55235.5633,6042
55272.42093,6043
55496.50626,6044
52061.96334,6045
48060.76267,6046
44086.69646,6047
40808.40274,6048
39340.88128,6049
38443.86161,6050
38826.23123,6051
40060.84867,6052
43390.01947,6053
51100.72547,6054
56810.71808,6055
58834.72188,6056
59010.19132,6057
60184.20849,6058
60945.32979,6059
60007.38233,6060
58675.75923,6061
56967.41953,6062
55580.84917,6063
54419.72086,6064
54364.09524,6065
55571.80435,6066
57338.03088,6067
53884.04161,6068
49994.99667,6069
47109.47411,6070
43321.95723,6071
38996.49989,6072
37530.10903,6073
37140.50356,6074
37470.86548,6075
39633.70721,6076
44277.99433,6077
53557.0715,6078
59299.62544,6079
61560.60343,6080
61981.86575,6081
63074.25346,6082
64717.92272,6083
64838.89714,6084
64632.22309,6085
62889.7392,6086
61963.77612,6087
61817.92846,6088
64937.93788,6089
64520.29348,6090
62724.21906,6091
59167.11888,6092
55593.05967,6093
52255.29629,6094
47554.02683,6095
46449.20251,6096
44584.6136,6097
43550.33884,6098
43607.99955,6099
45286.71748,6100
48746.13364,6101
56535.98178,6102
62900.36686,6103
64332.83966,6104
64456.30141,6105
64800.68279,6106
65004.41728,6107
63979.63958,6108
63398.73625,6109
62466.66791,6110
62361.06968,6111
63508.17853,6112
66163.96275,6113
65593.91319,6114
63805.30075,6115
60619.49028,6116
57634.92698,6117
54477.83381,6118
50073.68657,6119
36502.16565,6120
34341.58512,6121
33494.08582,6122
33155.35745,6123
33242.63993,6124
33503.58288,6125
34296.81328,6126
35674.79106,6127
39062.07481,6128
42021.99099,6129
44093.93231,6130
46494.87883,6131
46353.77969,6132
44245.65911,6133
43938.81371,6134
43215.2284,6135
42747.83751,6136
43333.94161,6137
44461.37798,6138
45513.96849,6139
46691.15135,6140
45016.27747,6141
43809.02059,6142
40794.83552,6143
38790.73032,6144
37566.2883,6145
36712.00539,6146
37220.77631,6147
38648.04834,6148
42930.31668,6149
51321.87124,6150
56291.99786,6151
58969.0374,6152
59781.71416,6153
60699.76303,6154
61465.63286,6155
61374.05409,6156
60994.62404,6157
59807.49189,6158
59301.43441,6159
57571.61327,6160
57311.80091,6161
56812.30093,6162
57519.15333,6163
57333.50847,6164
53617.67177,6165
49537.32896,6166
45856.99315,6167
42957.45113,6168
41664.04238,6169
40593.81448,6170
41008.97155,6171
42055.45681,6172
45716.34626,6173
53640.96217,6174
57781.90525,6175
60703.15483,6176
61862.7003,6177
62924.33563,6178
64061.04293,6179
64413.56465,6180
63487.14933,6181
62804.26569,6182
61591.58193,6183
59430.54916,6184
58244.77373,6185
57084.77602,6186
58117.24182,6187
57505.58611,6188
53660.1824,6189
49405.953,6190
45424.19869,6191
42636.81239,6192
40937.74362,6193
40043.4374,6194
40303.70199,6195
41580.83007,6196
45121.8757,6197
53162.26526,6198
57716.78257,6199
59644.68519,6200
59965.09781,6201
61756.4237,6202
63015.91439,6203
62971.82091,6204
63070.40941,6205
60921.58715,6206
60430.45362,6207
58912.05506,6208
59105.61413,6209
58489.43601,6210
59168.92785,6211
57073.47,6212
54065.6163,6213
50247.79929,6214
46621.05402,6215
44118.57944,6216
42156.75875,6217
41114.34366,6218
41178.33574,6219
42341.49913,6220
46284.13461,6221
54242.21634,6222
59195.61005,6223
61842.12334,6224
62992.39787,6225
64204.85551,6226
66208.05623,6227
65989.39779,6228
65047.60628,6229
59238.12069,6230
61068.56542,6231
58995.04125,6232
58220.80496,6233
57766.75518,6234
58816.63225,6235
57418.52975,6236
53487.20029,6237
49610.13973,6238
45470.10113,6239
42882.83139,6240
40834.18047,6241
40004.31856,6242
40190.18954,6243
41192.58132,6244
44739.7322,6245
52677.68922,6246
57174.54582,6247
59287.41494,6248
59855.20329,6249
61391.69148,6250
61838.27929,6251
61273.20439,6252
60366.91378,6253
58279.14403,6254
57192.18322,6255
55972.03748,6256
55017.58323,6257
54566.92525,6258
54973.26363,6259
54155.3861,6260
50351.81467,6261
46659.49449,6262
43107.8212,6263
39796.51391,6264
38272.0101,6265
37202.68668,6266
36821.44766,6267
37004.37908,6268
37799.87068,6269
39545.74637,6270
42119.90113,6271
45880.96192,6272
48759.24862,6273
50344.3527,6274
51363.25127,6275
50876.86627,6276
49631.62117,6277
47877.37902,6278
46600.9293,6279
45864.68125,6280
46021.38269,6281
46373.67829,6282
47060.17986,6283
46410.08368,6284
43438.40924,6285
41081.33008,6286
38183.59702,6287
35487.33724,6288
33578.42874,6289
32785.42446,6290
32306.50143,6291
32263.99079,6292
32708.76964,6293
33769.04824,6294
35082.80783,6295
38549.68596,6296
41562.51431,6297
43937.23087,6298
46711.27606,6299
47293.08388,6300
45138.83473,6301
43729.20009,6302
43034.55819,6303
42443.02719,6304
43627.4459,6305
44602.25099,6306
45415.83223,6307
45444.54952,6308
43317.2087,6309
41835.66777,6310
38602.82426,6311
36244.38838,6312
34984.21933,6313
34391.10549,6314
35078.96378,6315
36802.45355,6316
41109.14289,6317
50274.70761,6318
55915.7335,6319
58429.74022,6320
59361.58244,6321
60703.83319,6322
61944.55589,6323
51793.78453,6324
51108.86581,6325
50196.92219,6326
48951.67709,6327
47481.21606,6328
47017.89534,6329
47440.96663,6330
48491.9743,6331
47757.08296,6332
43939.03983,6333
41101.4548,6334
37855.4963,6335
35730.6428,6336
33668.8769,6337
33065.81376,6338
32797.40884,6339
33045.91517,6340
36668.81639,6341
43353.61409,6342
49369.99985,6343
59561.92512,6344
59983.41357,6345
60962.28882,6346
62481.36574,6347
61878.75485,6348
61011.13083,6349
56871.09223,6350
54994.97119,6351
54956.98296,6352
54805.7084,6353
54275.45604,6354
55503.96823,6355
53600.93886,6356
49167.16984,6357
45175.69236,6358
41436.113,6359
38403.61218,6360
36807.20208,6361
35859.0792,6362
36397.01965,6363
37925.59363,6364
41737.98375,6365
49867.46476,6366
55606.40078,6367
57907.6282,6368
60214.96087,6369
61497.06359,6370
62402.90196,6371
61601.98346,6372
60886.31236,6373
60031.57721,6374
58994.81513,6375
56563.56847,6376
56175.09361,6377
56132.13073,6378
57668.16668,6379
55847.21901,6380
51581.45747,6381
48146.23619,6382
44109.53462,6383
41446.0623,6384
39677.57457,6385
38680.8358,6386
39063.88378,6387
40446.83621,6388
44177.14462,6389
52104.47398,6390
56884.65946,6391
59373.3407,6392
59665.26215,6393
61245.84382,6394
62875.94586,6395
61746.92665,6396
60707.45112,6397
59992.6845,6398
59305.73069,6399
57229.94533,6400
56227.1013,6401
55946.03363,6402
57758.61485,6403
55946.71199,6404
52437.32322,6405
48767.38896,6406
44494.39156,6407
41657.48489,6408
39709.90979,6409
38806.55875,6410
38992.88197,6411
40198.10376,6412
43840.22521,6413
51994.35334,6414
56727.05353,6415
58719.85271,6416
59350.95478,6417
60621.07312,6418
61793.50745,6419
61779.26187,6420
60353.34656,6421
58099.83054,6422
56626.42995,6423
55654.11218,6424
54827.18984,6425
54378.79307,6426
56070.39986,6427
53960.92255,6428
49914.95004,6429
46645.2489,6430
42922.62858,6431
39823.42224,6432
37878.7867,6433
36731.45174,6434
36312.67674,6435
36745.24509,6436
37433.55562,6437
39739.53156,6438
42406.84793,6439
45558.06197,6440
47873.08273,6441
49607.42628,6442
50832.32055,6443
50783.25242,6444
49219.62978,6445
47172.5617,6446
45997.64005,6447
45569.14187,6448
45863.0984,6449
46397.87317,6450
48013.27739,6451
46384.98431,6452
43548.52988,6453
41465.9609,6454
38394.79348,6455
35434.87731,6456
33516.69786,6457
32428.15421,6458
32070.43172,6459
32221.70627,6460
32707.86515,6461
33566.44435,6462
34092.17431,6463
34048.53307,6464
38258.21675,6465
44048.93435,6466
46451.23759,6467
46597.98974,6468
44301.51085,6469
41989.65577,6470
41124.06684,6471
40781.49442,6472
42068.57179,6473
43829.14531,6474
46092.61062,6475
45617.0794,6476
43349.99616,6477
42031.26193,6478
38992.20361,6479
36610.70344,6480
35141.59913,6481
34654.53577,6482
35147.93051,6483
36991.49021,6484
41437.46973,6485
50161.87353,6486
55491.07937,6487
58290.22393,6488
59407.03264,6489
60837.24424,6490
61653.08668,6491
61213.28248,6492
60396.08331,6493
58736.3595,6494
57188.33917,6495
55425.50445,6496
55051.04905,6497
55582.43201,6498
57652.11213,6499
55582.65813,6500
51666.0265,6501
47734.01868,6502
44001.67518,6503
41334.58494,6504
39747.21966,6505
38814.24684,6506
38998.98722,6507
40484.82444,6508
43905.34789,6509
52236.07606,6510
57268.38579,6511
59598.78275,6512
60277.14398,6513
60820.51133,6514
62334.16135,6515
62291.65072,6516
61056.58103,6517
59631.79633,6518
58466.59785,6519
56694.26607,6520
55833.19955,6521
56129.19117,6522
58610.18431,6523
56586.18052,6524
52793.01063,6525
49142.2966,6526
44833.79829,6527
41780.26827,6528
40022.4082,6529
38987.90732,6530
39365.30228,6531
40734.00913,6532
44120.3884,6533
52310.69579,6534
57182.46004,6535
59272.71711,6536
60009.64353,6537
60917.7431,6538
61992.04117,6539
61261.89837,6540
60183.53013,6541
58862.30857,6542
57345.26673,6543
55708.38108,6544
55156.8734,6545
55931.56193,6546
58557.27214,6547
56651.98156,6548
52923.4821,6549
49231.16192,6550
44881.28358,6551
43190.35515,6552
41760.82191,6553
40359.77985,6554
40027.38285,6555
40158.30656,6556
40152.87967,6557
41154.36697,6558
44353.29242,6559
48341.83034,6560
51417.74629,6561
52718.84313,6562
54240.40738,6563
54589.76341,6564
53084.47984,6565
51667.1571,6566
50285.78752,6567
51434.25308,6568
54866.08255,6569
55027.08028,6570
52850.44521,6571
49224.15219,6572
47194.49538,6573
46642.53546,6574
43748.87256,6575
45582.03073,6576
43619.07945,6577
42937.77865,6578
43016.46855,6579
44074.25984,6580
46803.75931,6581
53882.68489,6582
59895.22661,6583
61639.06721,6584
61764.79016,6585
62993.75459,6586
63664.87997,6587
63595.461,6588
62996.92028,6589
62293.45968,6590
61392.59596,6591
60008.28681,6592
61338.10095,6593
63461.59772,6594
61315.03666,6595
57824.18976,6596
54602.65227,6597
52336.47352,6598
48512.77738,6599
46219.23805,6600
44425.42483,6601
43988.5602,6602
44409.5964,6603
45583.16134,6604
47945.21514,6605
54233.39764,6606
58216.50868,6607
60531.75556,6608
60623.10821,6609
61650.59935,6610
62698.89358,6611
61978.92619,6612
61607.18423,6613
60661.54868,6614
59474.86876,6615
57796.37695,6616
57659.57411,6617
60198.45408,6618
61248.78338,6619
57565.05577,6620
54040.51693,6621
51071.32982,6622
46804.88991,6623
40631.8027,6624
38551.26881,6625
37590.93542,6626
38123.44899,6627
39602.5026,6628
42531.66639,6629
48429.33894,6630
52799.79424,6631
55590.79847,6632
56395.10877,6633
57722.20946,6634
58327.5338,6635
57253.91409,6636
56049.14454,6637
54421.98207,6638
52932.52692,6639
51488.29586,6640
51296.31963,6641
51086.47989,6642
50764.93667,6643
51098.01203,6644
49152.92426,6645
46091.93226,6646
42234.7703,6647
36159.59322,6648
34152.09622,6649
33689.67998,6650
33150.83504,6651
32785.8767,6652
33034.83527,6653
33080.73771,6654
35809.78495,6655
39145.73937,6656
42372.47763,6657
44713.95448,6658
46506.63709,6659
45186.54614,6660
43299.11907,6661
40996.08269,6662
39820.70879,6663
39008.7104,6664
39664.23347,6665
41251.59875,6666
42174.39615,6667
42300.11909,6668
43473.4579,6669
42700.57834,6670
39439.24366,6671
40109.69068,6672
38199.19933,6673
37231.17785,6674
37769.11831,6675
38440.69593,6676
41205.24407,6677
48863.26401,6678
54188.39968,6679
54002.07646,6680
56860.69069,6681
58005.08609,6682
59576.17071,6683
59189.95704,6684
58482.42628,6685
57035.70789,6686
56122.40755,6687
55127.25163,6688
54802.99496,6689
54388.74237,6690
54215.08189,6691
52424.20824,6692
50416.48511,6693
48166.81315,6694
43304.54596,6695
41678.28796,6696
39939.19589,6697
38887.28374,6698
39066.14498,6699
40131.39824,6700
42237.70986,6701
49072.65151,6702
54249.90443,6703
57886.37288,6704
58924.7178,6705
59802.74336,6706
60328.92555,6707
59672.498,6708
58216.28256,6709
56475.38151,6710
55538.79077,6711
54135.26139,6712
53246.83429,6713
52157.38615,6714
51065.67681,6715
48717.19023,6716
46889.23283,6717
45175.24011,6718
42155.62815,6719
37457.7505,6720
36094.47054,6721
35193.15459,6722
35059.51743,6723
35771.11836,6724
39019.33806,6725
45198.53052,6726
50869.17817,6727
54254.20072,6728
56096.62983,6729
57785.52317,6730
59001.59874,6731
58731.38485,6732
58200.22801,6733
57252.10513,6734
56109.74481,6735
55080.4447,6736
54257.59253,6737
53745.65592,6738
52978.42936,6739
50856.06319,6740
49854.12365,6741
46384.53207,6742
43107.8212,6743
41450.81083,6744
39818.22147,6745
39001.0223,6746
39124.03181,6747
40333.54988,6748
43609.13015,6749
50827.57202,6750
55297.74642,6751
57549.67959,6752
57946.97315,6753
58904.14085,6754
60034.96902,6755
60039.49143,6756
59597.87827,6757
58576.49237,6758
57757.71036,6759
56275.71719,6760
55352.69368,6761
55255.91414,6762
56301.2688,6763
56663.73982,6764
52685.37731,6765
49034.66328,6766
44961.78245,6767
40062.20539,6768
38086.81748,6769
36898.78085,6770
36917.77496,6771
37281.82882,6772
37674.14773,6773
39363.71944,6774
41769.41449,6775
44747.19418,6776
47516.94309,6777
48880.22304,6778
49832.18997,6779
49288.37038,6780
47547.0171,6781
46000.80573,6782
45178.63192,6783
44848.94836,6784
45925.50764,6785
47520.33489,6786
49296.2846,6787
46509.35054,6788
44139.15639,6789
42632.96834,6790
39744.50621,6791
44442.15774,6792
42955.41604,6793
42178.69243,6794
42658.29382,6795
44521.75213,6796
48274.44646,6797
56317.54947,6798
62321.49861,6799
63641.58957,6800
63429.71474,6801
64463.76338,6802
65601.82741,6803
64765.18189,6804
64306.83582,6805
63796.70817,6806
62725.57578,6807
62677.86438,6808
65639.58952,6809
65242.52208,6810
63501.62103,6811
59995.62407,6812
56114.49334,6813
52049.52672,6814
47596.76359,6815
47018.34758,6816
45163.02961,6817
44917.91509,6818
45366.53798,6819
46544.85144,6820
49585.04036,6821
56987.54424,6822
63419.3132,6823
65071.1228,6824
65081.52434,6825
65135.341,6826
65884.02568,6827
65253.8281,6828
64990.62394,6829
63880.59884,6830
62897.4273,6831
64409.7206,6832
66962.1678,6833
66663.91498,6834
65024.99424,6835
61492.31507,6836
58276.65671,6837
55687.35188,6838
51418.87689,6839
42484.18111,6840
40760.2391,6841
39976.05351,6842
40417.21443,6843
41683.48873,6844
44838.09458,6845
52394.13422,6846
58124.92991,6847
59988.16209,6848
60235.99006,6849
61369.07944,6850
62511.892,6851
61938.67676,6852
61008.86963,6853
59749.37894,6854
58878.137,6855
57621.13364,6856
57718.13929,6857
59502.90769,6858
60649.33817,6859
57022.36679,6860
53389.06403,6861
50103.08222,6862
46081.98296,6863
43252.76438,6864
41274.88915,6865
40569.84571,6866
40857.47087,6867
42271.62792,6868
45352.06628,6869
52695.32661,6870
58928.33573,6871
61249.91399,6872
61590.45132,6873
62605.50585,6874
63459.1104,6875
63276.4051,6876
62206.40332,6877
61393.50045,6878
60807.39634,6879
59234.50277,6880
59007.70399,6881
60471.15529,6882
60742.04754,6883
57248.4872,6884
53537.62514,6885
50295.51069,6886
46090.57554,6887
42865.194,6888
41011.45887,6889
40210.99262,6890
40418.79728,6891
41704.06569,6892
44969.69666,6893
52440.26279,6894
58461.84932,6895
60851.2637,6896
61516.28383,6897
62756.32816,6898
63693.59726,6899
63303.53955,6900
62601.88792,6901
61549.07129,6902
60730.06316,6903
59044.10938,6904
59507.65622,6905
60846.28905,6906
61116.95518,6907
57700.27578,6908
54021.97506,6909
50524.79679,6910
46353.77969,6911
43113.02197,6912
41007.16259,6913
39999.34392,6914
40333.776,6915
41775.51974,6916
45153.75868,6917
52200.80127,6918
58301.07771,6919
60693.65777,6920
61384.68175,6921
62597.81775,6922
62991.26727,6923
57297.55533,6924
60433.6193,6925
58914.54238,6926
57887.95572,6927
56927.84846,6928
57440.46343,6929
59036.19517,6930
59039.36085,6931
55103.28286,6932
51401.01338,6933
48533.58045,6934
44601.79875,6935
41386.36651,6936
39217.19342,6937
37844.64252,6938
37566.51442,6939
37827.45737,6940
38201.68665,6941
39468.86543,6942
42609.67794,6943
45862.19392,6944
48721.48651,6945
50672.67954,6946
51558.16707,6947
50927.51724,6948
48999.84074,6949
47405.2396,6950
46857.80209,6951
46496.46167,6952
47749.84711,6953
50269.95909,6954
50181.31989,6955
46711.95443,6956
44146.39225,6957
42952.02424,6958
40322.46998,6959
37355.54407,6960
35105.41987,6961
33927.10641,6962
33681.31352,6963
34129.25806,6964
34109.13334,6965
34091.26983,6966
35794.861,6967
38612.99968,6968
41846.06931,6969
44336.10727,6970
46808.50784,6971
46306.06829,6972
44193.19917,6973
42894.58965,6974
42591.13606,6975
42677.74018,6976
44321.63556,6977
47652.84145,6978
48365.79911,6979
45989.49971,6980
44141.4176,6981
43662.26845,6982
40842.54693,6983
38119.83106,6984
36396.11517,6985
35813.17675,6986
36441.7915,6987
38140.40802,6988
41998.70059,6989
50444.29792,6990
57252.55737,6991
59721.11389,6992
60055.31986,6993
61081.22816,6994
62016.46218,6995
61204.46378,6996
60443.34248,6997
59547.22729,6998
58431.77531,6999
56828.5816,7000
57029.1504,7001
58942.58132,7002
59676.56817,7003
56121.95531,7004
52790.07106,7005
49912.01048,7006
45540.6507,7007
41948.27573,7008
39903.24274,7009
39187.34552,7010
39733.20019,7011
41164.76851,7012
44438.76594,7013
51799.66366,7014
58007.3473,7015
59899.97513,7016
60236.66843,7017
61374.73245,7018
62087.46399,7019
61504.07333,7020
60884.27728,7021
59687.42195,7022
58608.14923,7023
57587.44169,7024
57294.16352,7025
59496.12408,7026
59964.64557,7027
56439.42837,7028
53110.48368,7029
49901.38282,7030
45783.2779,7031
42353.48351,7032
40373.34707,7033
39632.80273,7034
40075.09425,7035
41735.49643,7036
44711.69327,7037
52196.95723,7038
58130.13068,7039
59958.76644,7040
60200.03692,7041
61082.35876,7042
61867.44883,7043
60771.4432,7044
60186.92193,7045
59118.05075,7046
58552.97585,7047
57206.65492,7048
57355.44215,7049
59950.17386,7050
60815.7628,7051
57472.34641,7052
53806.03007,7053
50687.60348,7054
46364.40735,7055
43279.67271,7056
41247.7547,7057
40428.74658,7058
41123.16236,7059
42457.4989,7060
46048.0649,7061
53877.03188,7062
59884.37283,7063
61435.55884,7064
61049.5713,7065
61523.29356,7066
62524.78086,7067
62330.99567,7068
61494.12403,7069
60334.57856,7070
59436.42829,7071
58235.72891,7072
58752.86629,7073
60618.81192,7074
61296.04255,7075
57980.66509,7076
54407.51036,7077
51093.94186,7078
46899.86049,7079
43246.65913,7080
41219.71577,7081
40415.85771,7082
40976.41021,7083
42206.27912,7084
45374.90444,7085
52774.24263,7086
58847.83686,7087
60417.11251,7088
60251.14013,7089
54527.5803,7090
54083.47981,7091
55290.73668,7092
56431.9664,7093
58575.13565,7094
56973.7509,7095
55479.54723,7096
55204.35869,7097
58029.28098,7098
58479.93895,7099
54635.43973,7100
51193.20872,7101
48350.1968,7102
44634.81233,7103
41742.50616,7104
39344.95145,7105
38030.96574,7106
38244.42341,7107
38424.41526,7108
38511.69773,7109
39979.44532,7110
43249.82482,7111
46560.67987,7112
49140.93988,7113
50575.22164,7114
51394.45589,7115
50862.62068,7116
48693.44758,7117
46952.77266,7118
46346.54384,7119
46033.81931,7120
47073.29484,7121
50236.26715,7122
50482.51227,7123
47475.56305,7124
44937.36144,7125
43642.36985,7126
40590.87491,7127
37395.11515,7128
35490.50293,7129
34371.65914,7130
34195.28522,7131
33836.88437,7132
33859.94865,7133
33867.86286,7134
35130.51923,7135
37594.10111,7136
41123.38848,7137
43723.32096,7138
45516.90806,7139
47525.76178,7140
46578.31726,7141
44620.56675,7142
43130.65936,7143
42608.77345,7144
43065.7628,7145
47009.30277,7146
48908.94033,7147
47355.26699,7148
45069.18964,7149
43430.49503,7150
43018.0514,7151
39977.86248,7152
37588.67422,7153
36217.02781,7154
35857.9486,7155
32372.52859,7156
38728.54721,7157
42989.33411,7158
51723.00884,7159
56837.85253,7160
58993.23229,7161
59489.34047,7162
60209.7601,7163
60795.18584,7164
60091.72524,7165
59110.58878,7166
57989.48378,7167
57397.27443,7168
56644.97182,7169
60316.26281,7170
62087.46399,7171
60647.52921,7172
56732.93266,7173
53134.45245,7174
50318.12273,7175
46032.68871,7176
43026.41785,7177
41590.55325,7178
40595.62344,7179
41383.87919,7180
42963.55638,7181
46557.74031,7182
53664.25257,7183
58635.5098,7184
60228.75421,7185
60419.1476,7186
61128.2612,7187
61955.40967,7188
61083.48936,7189
60416.20803,7190
59434.16709,7191
58573.32668,7192
58001.69429,7193
61624.59551,7194
62866.4488,7195
61225.04074,7196
57373.98403,7197
54015.86981,7198
50770.8158,7199
46067.9635,7200
43025.06113,7201
41150.97517,7202
40395.95912,7203
41135.8251,7204
42963.55638,7205
46276.22039,7206
53678.04592,7207
58609.50595,7208
60301.33886,7209
60864.15256,7210
61988.87549,7211
63069.73105,7212
61994.07626,7213
61054.99819,7214
60175.61591,7215
59629.98736,7216
59239.92966,7217
62687.58756,7218
63525.81592,7219
61475.35603,7220
57588.79842,7221
54121.69416,7222
50849.5057,7223
46622.63686,7224
43068.92849,7225
41050.12546,7226
40082.33011,7227
40579.11665,7228
42227.30832,7229
45639.91756,7230
53004.65933,7231
57747.98719,7232
60100.99618,7233
60351.53759,7234
61111.07605,7235
62016.00994,7236
61092.7603,7237
60519.09282,7238
59797.54259,7239
59085.94166,7240
58541.44371,7241
61710.06902,7242
61910.18558,7243
60396.30943,7244
56754.86634,7245
53313.31369,7246
50147.1757,7247
45613.00923,7248
42507.47151,7249
40462.89076,7250
39426.12867,7251
40070.79797,7252
41639.62137,7253
45052.23061,7254
52612.56654,7255
57716.33033,7256
60361.71301,7257
60927.46628,7258
61797.12538,7259
62156.20459,7260
60876.13695,7261
59453.83956,7262
57873.25789,7263
57279.46569,7264
56941.41568,7265
60519.77118,7266
60702.70259,7267
58732.96769,7268
54720.00877,7269
51308.75625,7270
48551.89621,7271
44626.672,7272
41312.19902,7273
39242.74502,7274
38077.99879,7275
38022.82541,7276
38563.93155,7277
38914.87043,7278
39931.73391,7279
43079.78227,7280
46339.76023,7281
49067.22462,7282
50310.66076,7283
50899.93055,7284
49652.19812,7285
47640.17871,7286
46130.82497,7287
45462.86528,7288
45792.54884,7289
50490.65261,7290
52036.63785,7291
49907.03583,7292
46613.13981,7293
44247.69419,7294
42930.76892,7295
40099.51526,7296
40303.24975,7297
38021.6948,7298
36832.30144,7299
36380.9651,7300
36682.38361,7301
36323.98276,7302
35560.82638,7303
37188.44109,7304
40290.81312,7305
43405.62178,7306
46781.59951,7307
49654.91157,7308
49888.72007,7309
48430.69567,7310
47561.26269,7311
47196.53047,7312
48282.81292,7313
52656.88614,7314
53589.40671,7315
52058.79765,7316
49147.27125,7317
47462.67419,7318
47945.44127,7319
44739.50608,7320
45092.0278,7321
43076.8427,7322
42443.47943,7323
42733.59192,7324
43760.17859,7325
46387.92388,7326
53269.67245,7327
59036.42129,7328
60994.85016,7329
61467.89406,7330
62500.8121,7331
62968.88135,7332
62593.97371,7333
61675.24648,7334
60501.90767,7335
59728.34974,7336
58832.6868,7337
60751.99684,7338
63648.37318,7339
62264.06403,7340
58072.92222,7341
54982.08232,7342
52931.84856,7343
48952.58157,7344
43442.47941,7345
41482.91993,7346
40856.34027,7347
41559.57475,7348
43020.08648,7349
46264.46213,7350
52989.28314,7351
57220.67439,7352
59282.44029,7353
59812.91878,7354
61568.74376,7355
61990.68445,7356
60767.59915,7357
60299.30378,7358
59136.81875,7359
58164.7271,7360
56251.74843,7361
56376.34077,7362
59146.31581,7363
61017.68832,7364
57312.93152,7365
53998.91078,7366
51589.14556,7367
47098.39421,7368
38761.33467,7369
36926.81978,7370
35682.9314,7371
35427.41533,7372
35991.13352,7373
36656.15364,7374
37556.11288,7375
40207.60081,7376
44043.73358,7377
46388.37612,7378
47667.53928,7379
49010.24228,7380
48964.79208,7381
48027.52297,7382
47023.54835,7383
46720.77312,7384
46415.51057,7385
46792.00105,7386
46587.13596,7387
47264.81883,7388
46529.92749,7389
44861.38498,7390
42990.69083,7391
39203.62619,7392
36854.23512,7393
35257.37278,7394
34630.34089,7395
35068.78836,7396
36915.966,7397
40210.08814,7398
47892.98133,7399
53815.52712,7400
56752.37902,7401
57066.00803,7402
58762.13723,7403
60419.37372,7404
60190.76598,7405
59857.69062,7406
58697.01455,7407
57549.22734,7408
55618.38516,7409
55127.92999,7410
54878.51918,7411
54479.41665,7412
52225.22228,7413
51709.66774,7414
48801.30702,7415
43659.78112,7416
39802.39304,7417
38431.42499,7418
37584.15181,7419
37659.22379,7420
38612.77356,7421
41282.57725,7422
48734.37538,7423
53839.49589,7424
56322.07188,7425
57445.43808,7426
58525.8414,7427
59535.69515,7428
58865.24813,7429
58611.99327,7430
57485.00915,7431
56387.6468,7432
55271.29033,7433
54598.80823,7434
54442.78514,7435
54021.97506,7436
51682.30717,7437
49758.2486,7438
48004.23257,7439
43759.50022,7440
39517.48132,7441
37810.27222,7442
36577.68986,7443
36285.09005,7444
36089.94814,7445
35640.873,7446
37808.46326,7447
41323.0528,7448
44915.42776,7449
47459.5085,7450
49100.46432,7451
50279.90838,7452
48985.59515,7453
47399.36047,7454
45849.53118,7455
44869.2992,7456
44087.82706,7457
44610.84357,7458
44569.91578,7459
44114.50927,7460
42547.72094,7461
41370.08584,7462
40942.26603,7463
38487.05061,7464
40045.02024,7465
39322.56553,7466
38698.24707,7467
38874.39487,7468
39487.85955,7469
41942.84884,7470
47336.499,7471
52465.13603,7472
56058.86772,7473
57875.97134,7474
60355.15552,7475
61702.60705,7476
61483.27025,7477
60590.77299,7478
60205.23769,7479
58419.79093,7480
55410.35438,7481
54822.21519,7482
54151.54205,7483
53261.07988,7484
51171.50116,7485
50258.42695,7486
46843.5565,7487
42978.93257,7488
42128.94594,7489
40494.09537,7490
39376.6083,7491
39512.50667,7492
40725.64267,7493
43993.76097,7494
51207.22819,7495
56118.56351,7496
58706.96385,7497
59461.52766,7498
60669.46289,7499
61265.06405,7500
60695.0145,7501
59149.70761,7502
58244.54761,7503
57220.22215,7504
55922.96935,7505
55456.93519,7506
54833.74733,7507
54663.93091,7508
54509.03842,7509
50960.53082,7510
47338.53408,7511
43703.64848,7512
36410.13464,7513
34390.87937,7514
33386.45251,7515
33250.78026,7516
33752.54145,7517
33778.31918,7518
33781.93711,7519
35354.83068,7520
38442.05265,7521
41199.81718,7522
42643.14376,7523
44906.60907,7524
45070.77248,7525
43265.42713,7526
41583.31739,7527
40872.1687,7528
40796.41836,7529
42676.15734,7530
45209.15818,7531
48005.13705,7532
46259.7136,7533
44433.33905,7534
43704.32684,7535
40596.3018,7536
44562.00156,7537
42875.1433,7538
41927.47266,7539
42373.83435,7540
44235.25757,7541
47557.64476,7542
55710.64229,7543
60896.94002,7544
62264.29015,7545
62920.26546,7546
64215.93541,7547
65039.91819,7548
64513.28375,7549
64068.73102,7550
62947.85215,7551
61806.39632,7552
61929.1797,7553
64842.28895,7554
64353.64274,7555
63036.71747,7556
59444.11639,7557
55761.51938,7558
52327.65482,7559
47843.9132,7560
48333.23777,7561
46299.5108,7562
45333.5244,7563
45947.89356,7564
46735.47095,7565
49669.38328,7566
56853.90708,7567
63614.68124,7568
65951.18344,7569
66287.19837,7570
67198.46363,7571
66873.98084,7572
66181.37402,7573
64820.80751,7574
63752.16245,7575
63536.44358,7576
64870.78012,7577
65875.4331,7578
64385.2996,7579
62224.9452,7580
58611.31491,7581
55928.62236,7582
53276.00383,7583
49113.80543,7584
44889.1978,7585
42960.84293,7586
42056.36129,7587
42488.70352,7588
43669.5043,7589
47334.91616,7590
55729.6364,7591
61514.24875,7592
60785.68878,7593
62936.54613,7594
65728.90708,7595
66694.21511,7596
65609.74162,7597
63883.53841,7598
62201.42867,7599
61295.13807,7600
61577.33634,7601
64507.85686,7602
63121.2865,7603
61162.85763,7604
56891.89531,7605
53818.69281,7606
51186.87735,7607
47810.89962,7608
45125.94587,7609
42645.17884,7610
41902.82553,7611
42057.03965,7612
42343.08197,7613
42585.03081,7614
43934.51742,7615
46984.42952,7616
49650.61528,7617
52376.04459,7618
54415.19845,7619
55318.77561,7620
54873.54453,7621
53349.9452,7622
51772.07697,7623
51013.21688,7624
52213.91626,7625
54721.13937,7626
54234.52825,7627
52306.62562,7628
49315.95707,7629
47104.04722,7630
45594.46736,7631
42422.90248,7632
39629.86316,7633
37522.19482,7634
36616.13033,7635
36477.2924,7636
37003.92684,7637
37261.47798,7638
37616.93927,7639
39441.27874,7640
42670.95657,7641
46284.13461,7642
49024.71399,7643
51636.85697,7644
51234.81488,7645
49162.19519,7646
47525.9879,7647
47240.1717,7648
48618.37561,7649
52194.69602,7650
52931.1702,7651
51449.62927,7652
49001.42358,7653
46824.33627,7654
46358.3021,7655
43031.61862,7656
40255.99058,7657
38800.00126,7658
38495.86931,7659
38913.5137,7660
41306.31989,7661
45647.60565,7662
54307.56514,7663
60522.71074,7664
62859.21295,7665
63423.15725,7666
64079.13256,7667
65713.07865,7668
65187.12257,7669
64303.67013,7670
63439.89016,7671
62716.53097,7672
63109.30212,7673
65174.91207,7674
64421.25274,7675
62615.0029,7676
58748.11776,7677
55279.20454,7678
52378.75804,7679
47812.25634,7680
44285.00406,7681
42575.98599,7682
42029.00072,7683
42474.91017,7684
44205.18355,7685
47095.68076,7686
55247.77381,7687
61053.41535,7688
62828.46057,7689
63359.16518,7690
64330.80458,7691
65559.31677,7692
65288.87676,7693
65055.74662,7694
63883.31229,7695
63850.97707,7696
63725.70636,7697
66045.92789,7698
65445.80432,7699
63628.92683,7700
60320.5591,7701
57050.1796,7702
54495.4712,7703
50404.04849,7704
46556.15746,7705
44989.59526,7706
44304.22429,7707
44801.01084,7708
46279.6122,7709
49594.98966,7710
57101.28281,7711
62700.92866,7712
64355.22558,7713
64326.50829,7714
65300.63502,7715
66516.71059,7716
65545.29731,7717
64744.60493,7718
63147.29035,7719
62185.60024,7720
62074.57512,7721
64904.47206,7722
64444.09091,7723
63336.10089,7724
60497.38526,7725
56860.69069,7726
53878.3886,7727
49627.77712,7728
46948.25025,7729
45107.17787,7730
44708.52759,7731
45058.56198,7732
46578.31726,7733
50278.09942,7734
58078.57523,7735
64010.8442,7736
65642.98132,7737
65964.52455,7738
67268.10871,7739
67861.67479,7740
67023.22031,7741
66681.55237,7742
65535.34801,7743
65222.62348,7744
66223.2063,7745
67860.99643,7746
66688.78822,7747
64217.97049,7748
59926.2051,7749
56415.00737,7750
53095.33362,7751
49017.93037,7752
45692.82973,7753
43444.06225,7754
42807.5333,7755
43120.71006,7756
44283.19509,7757
47268.889,7758
54765.00673,7759
61326.11656,7760
63161.30982,7761
63247.68781,7762
63848.26362,7763
65085.82063,7764
64464.66786,7765
63318.68962,7766
61707.5817,7767
61213.96084,7768
62118.44248,7769
63662.16653,7770
62421.21771,7771
60343.39726,7772
56507.71673,7773
53406.92754,7774
51018.64377,7775
47107.43902,7776
43731.68741,7777
41569.75017,7778
40774.93692,7779
40584.99578,7780
41024.34774,7781
41074.77259,7782
42166.70805,7783
45472.81458,7784
48755.40458,7785
51641.83162,7786
53363.96466,7787
54133.00018,7788
53174.70188,7789
51655.62496,7790
50220.2126,7791
50413.99779,7792
52273.1598,7793
55113.91052,7794
54789.65385,7795
52720.6521,7796
49665.08699,7797
47356.62372,7798
46245.01578,7799
43268.14057,7800
40452.71534,7801
38533.40529,7802
37966.97367,7803
37851.42614,7804
37782.45941,7805
37524.68214,7806
37249.71972,7807
38978.41026,7808
42241.78003,7809
45567.55903,7810
47355.94535,7811
49075.8172,7812
48809.22123,7813
47580.93516,7814
46773.6853,7815
46645.92727,7816
48274.67258,7817
51535.78114,7818
52010.63401,7819
50997.38845,7820
48819.17053,7821
47426.72104,7822
46979.68099,7823
44010.04164,7824
41566.13224,7825
39947.33622,7826
39532.85751,7827
39964.74749,7828
41633.29,7829
45645.11833,7830
53872.50947,7831
59954.24403,7832
61865.41374,7833
62147.61202,7834
62942.8775,7835
63386.52574,7836
62845.4196,7837
62546.2623,7838
62069.37435,7839
62056.25937,7840
62742.3087,7841
65496.00306,7842
65129.46187,7843
63832.43519,7844
60677.15098,7845
57072.11328,7846
54353.01534,7847
50328.97651,7848
47118.06668,7849
45695.09094,7850
45072.35533,7851
45606.67786,7852
47037.56782,7853
50002.45864,7854
57435.26266,7855
63033.55178,7856
64648.50376,7857
62337.77928,7858
65792.44691,7859
66603.76695,7860
66396.64065,7861
66052.48539,7862
65633.93651,7863
65173.78147,7864
66509.0225,7865
68932.58106,7866
68151.56116,7867
66055.87719,7868
62319.01129,7869
58420.01705,7870
55677.85483,7871
51512.26462,7872
48359.91998,7873
46461.86525,7874
45403.39561,7875
45500.85351,7876
46849.43563,7877
49300.12865,7878
57105.12686,7879
62953.05292,7880
64799.09995,7881
65147.5515,7882
65830.20902,7883
66024.44646,7884
65348.34643,7885
65023.86364,7886
64121.41708,7887
63901.85416,7888
64692.37112,7889
66466.51186,7890
65798.77829,7891
64108.3021,7892
60509.82188,7893
57051.76244,7894
54536.17287,7895
50288.9532,7896
46881.31861,7897
45133.86008,7898
44146.84449,7899
44308.97282,7900
45549.24327,7901
48771.68525,7902
56444.40302,7903
62457.84922,7904
63971.95149,7905
63945.04316,7906
64312.94107,7907
64604.41028,7908
63968.10744,7909
63510.21361,7910
62893.58325,7911
62586.51173,7912
63649.27766,7913
65705.61668,7914
64886.38243,7915
63539.15702,7916
60112.98056,7917
56877.87585,7918
53990.99656,7919
49942.53673,7920
46808.0556,7921
44996.60499,7922
44039.43729,7923
44237.29265,7924
45499.27066,7925
48588.52771,7926
55984.70022,7927
62191.02713,7928
63810.95376,7929
63871.32791,7930
64257.99381,7931
64084.33333,7932
63340.39718,7933
62124.77385,7934
61027.4115,7935
60611.80219,7936
62160.04864,7937
64536.12191,7938
63661.71428,7939
61924.88341,7940
58212.89075,7941
55327.14207,7942
53468.88454,7943
49653.32873,7944
46512.06398,7945
44715.53732,7946
43636.71684,7947
43273.11522,7948
43420.54573,7949
43356.77977,7950
44224.40379,7951
47468.77944,7952
50539.94686,7953
53585.56267,7954
54833.29509,7955
55681.24663,7956
55035.89898,7957
53365.09527,7958
51979.88163,7959
51545.50432,7960
53326.6548,7961
56156.55174,7962
55904.20136,7963
54239.05065,7964
51570.60369,7965
49593.40682,7966
48922.73368,7967
46156.6027,7968
43591.71888,7969
41163.86403,7970
40154.68864,7971
39886.96207,7972
39785.43401,7973
39025.66943,7974
38525.49108,7975
40480.52815,7976
43719.70303,7977
47247.18144,7978
49979.16824,7979
52446.14192,7980
52404.08352,7981
51089.19333,7982
50070.06864,7983
50163.90861,7984
52032.11545,7985
54720.91325,7986
55273.55153,7987
53395.3954,7988
51487.16526,7989
50822.14513,7990
50478.21598,7991
46784.7652,7992
42924.21143,7993
41224.91654,7994
40841.1902,7995
41721.9292,7996
43509.63717,7997
47440.28827,7998
55861.4646,7999
62367.17493,8000
64571.3967,8001
64828.26948,8002
65622.63049,8003
67073.19292,8004
66289.6857,8005
66473.29547,8006
65074.96685,8007
64570.49221,8008
65230.08545,8009
66913.32579,8010
66253.05419,8011
64910.57731,8012
61620.97758,8013
58126.06051,8014
54983.66517,8015
49818.39663,8016
41899.20761,8017
40254.40774,8018
39679.83578,8019
39609.51233,8020
40938.6481,8021
44903.44338,8022
53222.41329,8023
60569.51767,8024
63485.11424,8025
63320.04634,8026
64887.96527,8027
66246.4967,8028
65866.84053,8029
65302.44398,8030
64389.36977,8031
63348.3114,8032
63566.29147,8033
65235.96458,8034
65185.53973,8035
63520.38903,8036
59429.41856,8037
56574.42225,8038
53818.46669,8039
49032.6282,8040
45881.8664,8041
43999.18786,8042
43206.63582,8043
43497.65279,8044
44275.507,8045
46450.78535,8046
53648.42414,8047
59493.18451,8048
61490.27998,8049
61928.95358,8050
62746.8311,8051
63287.25888,8052
62414.88634,8053
61217.35265,8054
59844.80175,8055
58842.40997,8056
57646.91136,8057
59294.19855,8058
61726.34969,8059
60477.71278,8060
56818.18006,8061
53951.42549,8062
52230.64917,8063
48724.42608,8064
43528.40516,8065
41906.8957,8066
41500.55732,8067
41992.82146,8068
43059.20531,8069
45894.75526,8070
52422.85152,8071
56765.494,8072
58666.48829,8073
59253.27076,8074
60365.78318,8075
61754.1625,8076
60831.13898,8077
60014.39206,8078
58782.94031,8079
57409.03269,8080
55853.09814,8081
56398.04833,8082
58904.59309,8083
60376.86308,8084
57013.54809,8085
53598.67765,8086
51117.23226,8087
47280.87338,8088
36672.20819,8089
34390.87937,8090
33213.24427,8091
33052.47266,8092
33352.76057,8093
33355.92625,8094
32566.76602,8095
34463.01178,8096
37067.91891,8097
39648.63116,8098
42492.77368,8099
45258.22631,8100
45006.78041,8101
43407.43074,8102
41868.68135,8103
40385.10534,8104
40126.87583,8105
41051.93443,8106
42670.50433,8107
42868.81193,8108
43585.83975,8109
43528.63128,8110
43681.7148,8111
41567.71508,8112
40801.84525,8113
39139.86023,8114
38145.83491,8115
38349.5694,8116
39507.98426,8117
42454.33321,8118
49077.62616,8119
53904.61857,8120
56121.05083,8121
56740.62076,8122
58050.08405,8123
59652.5994,8124
59724.05345,8125
59372.88846,8126
58706.28549,8127
57765.8507,8128
57262.50666,8129
56540.50419,8130
56835.13909,8131
55955.30457,8132
53156.83837,8133
51415.25897,8134
48313.11305,8135
44287.94362,8136
40612.80859,8137
38568.9062,8138
37827.23125,8139
37993.88199,8140
38682.87089,8141
41086.07861,8142
48309.26901,8143
53892.40806,8144
56847.12347,8145
57796.82919,8146
58869.09218,8147
59591.54689,8148
59277.69176,8149
58068.39981,8150
56669.16671,8151
55769.65971,8152
54548.6095,8153
54341.70932,8154
53573.80441,8155
52650.55477,8156
49705.56254,8157
47794.84507,8158
46209.51487,8159
42634.09894,8160
36093.33994,8161
34110.49006,8162
33296.23046,8163
32390.84434,8164
31841.59786,8165
31411.29072,8166
32527.19495,8167
34696.82029,8168
37908.18236,8169
40483.01547,8170
42592.94503,8171
44434.69577,8172
44344.02149,8173
43300.47579,8174
42904.53895,8175
42375.86943,8176
41853.30516,8177
42591.5883,8178
42948.40631,8179
42751.90767,8180
41941.266,8181
41908.70466,8182
41813.50797,8183
38821.93494,8184
40051.12549,8185
38687.39329,8186
37994.78648,8187
38242.38833,8188
38941.10039,8189
41739.11435,8190
47720.67758,8191
52986.34358,8192
56527.61533,8193
57763.13725,8194
59405.4498,8195
60747.24831,8196
60531.75556,8197
59719.98329,8198
58493.7323,8199
57343.00553,8200
56594.32085,8201
56049.37066,8202
55238.27675,8203
53842.20933,8204
51845.56611,8205
50764.93667,8206
47521.4655,8207
44017.05137,8208
40193.12911,8209
38467.37813,8210
37377.70387,8211
37373.85983,8212
37414.10926,8213
37937.57801,8214
39896.45913,8215
42944.56226,8216
46325.0624,8217
48716.51187,8218
50278.09942,8219
51317.12271,8220
50428.46949,8221
48525.89236,8222
48039.05512,8223
47660.75567,8224
46657.91165,8225
46859.61105,8226
46923.37701,8227
47406.37021,8228
47717.28577,8229
45140.19145,8230
42593.17115,8231
39374.3471,8232
38245.32789,8233
36717.6584,8234
36019.62469,8235
36624.72291,8236
37918.5839,8237
41870.71643,8238
50406.53581,8239
56462.26653,8240
58519.73615,8241
59056.546,8242
59484.59194,8243
60526.55479,8244
60496.25466,8245
59806.13516,8246
58204.29817,8247
57094.95144,8248
55516.63097,8249
55587.8589,8250
57147.6375,8251
59679.28161,8252
56258.30592,8253
52704.82367,8254
49662.82578,8255
45532.05812,8256
44772.29354,8257
43262.9398,8258
42604.02493,8259
42928.28159,8260
44365.2768,8261
47890.04176,8262
55922.06487,8263
61406.61543,8264
62610.93274,8265
62891.77429,8266
64140.63731,8267
64881.86002,8268
64338.49267,8269
63759.17218,8270
61718.6616,8271
60682.57787,8272
60684.61296,8273
64290.32903,8274
64249.17511,8275
62550.55859,8276
58910.69834,8277
55693.00489,8278
52578.42236,8279
48182.64158,8280
45499.04454,8281
43379.61793,8282
41981.51544,8283
41605.92943,8284
41990.10801,8285
42114.70036,8286
42963.55638,8287
46706.52754,8288
50133.38236,8289
52467.39724,8290
53820.95401,8291
54442.3329,8292
53748.36936,8293
52209.61997,8294
50712.70285,8295
50490.65261,8296
52766.1023,8297
54686.76907,8298
54448.66427,8299
52873.50949,8300
49987.98693,8301
48182.41546,8302
47398.00375,8303
44322.08781,8304
41503.94913,8305
39584.8652,8306
38387.10539,8307
38035.03591,8308
38368.56351,8309
38184.04926,8310
37889.64048,8311
39680.96638,8312
42400.06432,8313
45859.02824,8314
47842.55648,8315
50290.0838,8316
49658.30338,8317
47836.22511,8318
46550.73057,8319
46257.90464,8320
48276.93379,8321
51062.73725,8322
51776.14714,8323
50882.29316,8324
48992.15265,8325
47728.36567,8326
47388.73281,8327
44321.63556,8328
41552.3389,8329
40169.38646,8330
39702.2217,8331
40284.02951,8332
41875.01272,8333
45580.90013,8334
53865.49974,8335
60832.49571,8336
62714.26976,8337
62557.56832,8338
63095.05654,8339
63568.55268,8340
63115.85961,8341
62631.96193,8342
61843.48006,8343
61286.31937,8344
60031.80333,8345
64856.98678,8346
64487.95827,8347
62869.84061,8348
59341.90996,8349
55841.566,8350
53138.52262,8351
48534.93718,8352
45037.30666,8353
43126.36307,8354
42316.62588,8355
42865.42012,8356
44247.69419,8357
46940.78828,8358
54192.24373,8359
60748.60503,8360
63055.25934,8361
62747.05722,8362
63063.39968,8363
63609.48047,8364
62741.17809,8365
62286.22383,8366
61321.82028,8367
61076.70575,8368
62618.39471,8369
64294.62531,8370
63559.73398,8371
62263.61179,8372
58917.93419,8373
55854.00263,8374
52587.24105,8375
48158.44669,8376
44645.43999,8377
42807.08105,8378
41891.97175,8379
42323.4095,8380
43952.60705,8381
46973.1235,8382
54592.9291,8383
61179.59054,8384
63398.28401,8385
63302.40895,8386
64174.10314,8387
65122.22602,8388
64526.62486,8389
63712.8175,8390
62599.85284,8391
62511.21364,8392
63928.08413,8393
65363.49649,8394
64350.02481,8395
62065.30419,8396
58389.26467,8397
54871.0572,8398
52054.72749,8399
47273.18528,8400
43089.95769,8401
41345.89096,8402
40480.98039,8403
41089.01817,8404
42326.8013,8405
45324.47959,8406
52930.71796,8407
59596.52154,8408
61811.14484,8409
61758.23267,8410
62070.9572,8411
62953.73128,8412
62490.8628,8413
61726.57581,8414
60563.86466,8415
59751.86626,8416
61187.73087,8417
62947.39991,8418
61938.45064,8419
59977.76055,8420
56748.30885,8421
53393.81256,8422
50290.53604,8423
45875.53503,8424
42534.83208,8425
40721.79863,8426
39767.11825,8427
39846.03428,8428
41370.31197,8429
44470.64892,8430
51722.33048,8431
58173.77192,8432
60362.16525,8433
59493.18451,8434
60015.29654,8435
60673.08082,8436
59664.58379,8437
58223.97065,8438
57386.42065,8439
56582.56259,8440
58127.64336,8441
59291.71123,8442
58004.18161,8443
56171.92792,8444
52923.93435,8445
49924.89934,8446
47823.78848,8447
43769.67564,8448
40196.97315,8449
38075.73758,8450
37386.97481,8451
37398.50695,8452
37840.57236,8453
37931.925,8454
39294.75272,8455
42426.5204,8456
45914.65386,8457
48603.67778,8458
49716.41632,8459
50562.10666,8460
49722.74769,8461
48143.29662,8462
46836.32065,8463
46554.12238,8464
48706.11033,8465
52055.40585,8466
52207.58488,8467
50302.74655,8468
47405.2396,8469
45188.3551,8470
43984.49003,8471
40869.22914,8472
37647.01328,8473
35154.03576,8474
34104.61093,8475
33985.89772,8476
34310.3805,8477
34514.34112,8478
34277.36692,8479
36411.49136,8480
38866.48066,8481
41756.75175,8482
43982.68107,8483
46778.43383,8484
46958.42567,8485
45235.16202,8486
43819.64825,8487
43310.42509,8488
45517.81254,8489
48456.69951,8490
48761.28371,8491
47728.13955,8492
45995.37884,8493
44384.72316,8494
43239.87552,8495
39590.29209,8496
37035.35757,8497
35170.09031,8498
34480.87529,8499
34888.79652,8500
36434.78176,8501
39492.8342,8502
46653.38924,8503
52847.05341,8504
55465.30164,8505
56307.60017,8506
56679.79437,8507
57750.47451,8508
57278.10897,8509
56623.26426,8510
55076.14841,8511
55122.72922,8512
56623.26426,8513
58680.28164,8514
58211.76015,8515
56710.99898,8516
53347.91012,8517
49936.6576,8518
48015.99083,8519
44462.96082,8520
41409.65692,8521
38962.12959,8522
37862.73216,8523
37345.59478,8524
38545.84192,8525
41050.80383,8526
46846.04383,8527
51966.08829,8528
55118.88517,8529
55060.77223,8530
55952.59113,8531
56819.98902,8532
56549.32289,8533
55996.23236,8534
54807.51737,8535
54104.50901,8536
55328.49879,8537
57226.3274,8538
56628.46503,8539
54875.35349,8540
51993.67498,8541
48692.76922,8542
46160.22062,8543
41862.80222,8544
38889.0927,8545
36810.36776,8546
35594.74444,8547
35933.92505,8548
37135.52892,8549
39477.45801,8550
44067.02398,8551
49477.18093,8552
52172.76234,8553
52927.10003,8554
53472.27634,8555
54371.10497,8556
54166.69212,8557
52738.28949,8558
51409.37984,8559
50896.99098,8560
52355.69375,8561
54934.37092,8562
53998.91078,8563
51696.77888,8564
48352.458,8565
45745.51579,8566
43498.10503,8567
39289.09971,8568
35946.36168,8569
33843.44186,8570
32914.08697,8571
32945.96995,8572
33586.11683,8573
34490.82459,8574
35332.44476,8575
38180.20521,8576
41500.3312,8577
44417.2845,8578
45946.53684,8579
46889.68507,8580
46235.97096,8581
44186.18944,8582
42171.45658,8583
41109.14289,8584
43084.30468,8585
45870.10814,8586
44805.98548,8587
42063.1449,8588
40477.13634,8589
39625.56688,8590
39394.01958,8591
36759.03843,8592
33286.50729,8593
30743.10491,8594
29881.58614,8595
29562.98248,8596
30420.43108,8597
30815.0112,8598
31099.92292,8599
33024.20761,8600
35587.7347,8601
39125.38853,8602
41725.09489,8603
44005.06699,8604
43059.88367,8605
40118.05713,8606
38652.11851,8607
38248.49358,8608
39621.72283,8609
42232.73521,8610
42739.01881,8611
41918.65396,8612
39963.16465,8613
38760.20407,8614
38336.2283,8615
35621.87889,8616
32877.22934,8617
32292.25584,8618
31435.4856,8619
31724.91973,8620
32082.86834,8621
32039.67934,8622
31517.11507,8623
33097.47062,8624
35622.78337,8625
38549.0076,8626
40537.96273,8627
42175.97899,8628
41665.85134,8629
39354.67462,8630
38015.13731,8631
37416.37047,8632
39573.7853,8633
42889.16276,8634
43958.93843,8635
43164.12518,8636
41464.37806,8637
40167.80362,8638
39424.99807,8639
36714.94495,8640
34398.34134,8641
32595.48331,8642
31940.18636,8643
32157.03583,8644
32477.9007,8645
32694.52405,8646
32095.07884,8647
33747.79292,8648
36242.35329,8649
39029.73959,8650
40987.49011,8651
42793.51383,8652
42780.62497,8653
41365.33732,8654
39966.55646,8655
39835.40662,8656
41873.20376,8657
45388.24554,8658
45696.67378,8659
44670.76548,8660
42358.23204,8661
41192.58132,8662
40344.17754,8663
37391.2711,8664
34439.9475,8665
32820.47312,8666
32270.32216,8667
32677.11278,8668
33946.77888,8669
35705.31732,8670
38464.21245,8671
42188.64173,8672
44907.28743,8673
46879.50965,8674
47954.48608,8675
49045.9693,8676
49077.17392,8677
47938.88377,8678
46725.29553,8679
46637.56081,8680
48453.98607,8681
51361.44231,8682
51557.4887,8683
50039.76851,8684
47422.65088,8685
45067.15456,8686
43576.34269,8687
40061.30091,8688
36937.89968,8689
34895.12789,8690
34348.59485,8691
34721.69353,8692
35449.12289,8693
36831.17084,8694
39069.08455,8695
42613.29586,8696
45319.73106,8697
47222.53431,8698
48372.80884,8699
49149.30633,8700
48692.76922,8701
48081.79187,8702
46731.40078,8703
46306.29441,8704
48675.35795,8705
51497.5668,8706
51539.62519,8707
49732.69699,8708
46450.33311,8709
44699.48277,8710
43028.67906,8711
39486.72894,8712
36224.26366,8713
34111.84678,8714
33522.57699,8715
33506.74857,8716
34324.85221,8717
36028.89563,8718
38454.48927,8719
42133.46835,8720
45097.22857,8721
47163.29076,8722
48169.75271,8723
49231.84028,8724
49371.13045,8725
48217.46412,8726
46988.95193,8727
46578.7695,8728
48624.25474,8729
51594.34633,8730
51754.21346,8731
50453.34274,8732
47618.01891,8733
45408.37026,8734
43844.97374,8735
40508.7932,8736
37629.14977,8737
35642.45584,8738
34788.85129,8739
34676.01721,8740
35059.74355,8741
35584.11678,8742
35630.69758,8743
38250.30254,8744
40899.52927,8745
44041.24626,8746
45762.2487,8747
46500.30572,8748
46406.23963,8749
45516.22969,8750
44300.83249,8751
44125.81529,8752
45612.78311,8753
48540.81631,8754
47746.00306,8755
44962.68693,8756
41842.22526,8757
40193.12911,8758
39899.39869,8759
38271.33174,8760
